,제목,답장부서,질문내용,답변
0,전과생이 현 소속된 학과에 맞게 어떻게 이번학기 수강신청을 해야 하나요?,교무처 학사관리팀,"제가 20학번이고 이번 달 영문학과로 전과를 하게 되었는데 수강신청을 어떻게 하면 좋을 지 모르겠어요. 2021학년도 이번 학기 영문학과 홈페이지 교과과정을 보니까 아래처럼 나와있더라구요.

-1학년: 영어커뮤니케이션(2.00, 교필),문학의 세계(기선, 2.00), 서양문화의 이해(기선, 2.00), 영어발음법(전선,3.00), 영문법1(전선, 3.00)
-2학년: 중급영어회화연습(전선, 2.00), 영작문2(전선, 2.00), 미국문학개관(전필, 3.00), 영어학개론(전필, 3.00), 영미소설1(전선, 3.00)

제가 이번 학년에 성적우수장학금도 받고 싶습니다. 그런데 현재 제 졸업요건을 보면 전공계 학점이 거의 없어요. 전과해서 그렇게 된 건 아는데 그러면 이것을 채우기 위해 1학년 수업도 들어야 하나요? 1학년 수업과 2학년 수업이 또 겹치던데 그러면 어떻게 수강신청을 해야 하나요? 그리고 작년 1학년수업을 수강하려고 했는데 폐쇄된 강의가 꽤 있어서 올해 수업 기준으로 듣고자 하는데 맞는건가요?

이번 수강신청기간때 제대로 신청하지 못해서 수강정정기간을 꼽으며 다시 기회를 얻고자 합니다. 그런데 도대체 어떻게 제 상황에서 수강신청을 하면 될까요? 지금 제 현재 학년을 기준으로 2학년 1학기 수업을 중점적으로 수강하고 1학년 수업을 담는게 좋을까요? 아니면 1학년 수업은 졸업이전까지만 수강하면 되니까 일단 2학년 수업만 담을까요? 성적장학금은 직전학기 기준인 것 같은데 정말 전과생으로서 어떻게 이번학기떄 수강을 해야할 지 몰라요. 도움 부탁드립니다.","전과 학생도 졸업요건에 맞추어 수강 및 졸업을 하면 됩니다.

현재 2학년 1학기 학생이므로 2학년 1학기 수업을 들으시고, 매 학기 기준에 맞추어 수강을 권해드립니다.

졸업을 위한 전공 학점을 이수하다 혹시 부족할 것으로 보이면 1학년 수업을 들을 수도 있습니다.

학생이 이수해야 할 전공 학점은 졸업할 때 까지 69학점을 이수하면 됩니다. 3학년 때 까지 수강 학기에 맞는 과목을

이수하다가 4학년 때 어떻게 해야 할 지 결정하면 될 것 같습니다.

현재 졸업요건을 보면 교양은 8학점(이번학기 수강신청 과목 제외하면 6학점)을 더 이수하시면 됩니다.

감사합니다."
1,전과생 수강신청,교무처 학사관리팀,"20학번 재학생인데 이번 달 영문과로 전과하게 되었습니다. 그러나 2021-2학기 성적장학금을 받으려면 이번 학기때 현 학과의 놓쳤던 1학년 1학기도 수강해야 하나요?

전과생이 수강신청을 어떻게 하면 좋을 지 모르겠어요.","학생이 2학년 1학기 이므로 2학년 1학기 과목을 이수하시면 됩니다.

2학년 1학기 과목 이수하셔도 2학기 성적장학금 받은 것은 가능합니다. 감사합니다."
2,선복학 후 학년과 수강신청 질문입니다.,교무처 학사관리팀,"안녕하세요 산업경영공학부 17학번 김동헌입니다. 제가 17년에 1학년을 마치고 군대 늦게가서 2학년 2학기로 선복학을 하게 되었습니다. 그래서 2학기를 마치고 나서 3학년 1학기가 되어서 2학년 1학기때 못들은 기초과목과 전공, 그리고 3학년 전공과목을 한번에 들으려고 합니다. 여기서 궁금한 점은 수강신청을 할 때 학년이 나뉘어 있는데 저같은 경우 3학년에 해당하는 것으로 알고있는데 맞다면 2학년 과목은 어떻게 수강신청을 해야할지 모르겠습니다. 감사합니다.","안녕하세요? 선복학을 하셨다면 2021학년도 1학기는 3학년이 됩니다.
때문에 3학년 수강신청 기간에 수강신청을 해야 합니다. 2학년 과목은 3학년 수강신청 기간에 일부 여석이 열릴 수 있습니다.

2학년 3학년 과목 중 학생의 시간표에 맞는 강좌를 선택하셔서 수강 하시면 됩니다.

감사합니다.

문의 : 259-2012"
3,교양필수 1학년 과목 전체 수강신청날에도 신청 가능한가요?,교양대학 교학행정실,교양필수 과목 공통 분반 수업이 시간대가 안맞아서 1학년 수업을 수강하고 싶은데 정정기간때 말고 전학년 수강신청일에도 신청 가능한가요? 그리고 교양필수 전체공동분반 수업이 더 개설될 가능성은 없나요?,"안녕하세요. 교양대학입니다.

교양필수(기반교양) 교과목 1학년 개설 분반은 1학년들의 수강신청이 완료 후, 잔여 여석에 대하여 수강신청 정정 및 확인 기간에 수강신청이 가능합니다.

따라서, 2.5(금) 전체학년 수강신청기간에는 1학년 분반 수강신청은 불가하며, 2021-1학기 개설강좌와 담당 교원이 확정되었기 때문에 대학(공통) 추가 분반 개설은 불가합니다."
4,타과 전공 수강신청 가능여부,교무처 학사관리팀,"* 질문 1. 타과 전공을 교양으로 들으려고 하는데 만약 여석이 있다면 '전체 학년 수강신청'날 신청하면 들을 수 있는건지 궁금합니다.
* 질문 2. 타과 전공 중에 '(전공명)(야간)'에 속하는 전공을 들으려고 하는데 야간대학?이 따로 있는건지 궁금합니다.
* 질문 3. 위 [질문 2]에서 '(전공명)(야간)'을 대상으로 열리는 야간! 강의를 타과 학생이 신청해서 들어도 되는지 궁금합니다.","안녕하세요? 답변이 늦어 죄송합니다. 문의 주신 내용에 대해 답변 드리겠습니다.

1. 타과 전공은 교양이 아니라 일반선택 과목으로 수강이 가능하며 여석이 있을 경우 수강신청 마지막 날 신청 가능합니다.

2. 경영학부 야간 전공 및 수업이 있습니다.

3. 교차 수강은 최대 9학점 까지 가능합니다.

감사합니다."
5,편입생 수강신청,교무처 학사관리팀,"올해 편입한 3학년 글로벌경영학과 학생입니다. 편입생은 앞으로 학기마다 18~19학점 다 전공으로먄 채워야 졸업을 할 수 있다는데 그래서 1,2,3 학년 전공을 섞어서 희망과목에 담아두었습니다. 그런데 월요일 (3,4학년)수강신청 때는 1,2 학년 전공이 마감이라고 뜨고 화요일 (1,2학년)수강신청 때는 3학년이라 아예 들어가지지도 않았고 오늘은 전체 수강신청임에도 1,2 학년 전공이 다 마감이라고 떠서 전화해보니 원래 그렇고 후보과목 담기 해놓고 교수님한테 정정기간에 메일 넣으라고 하시던데 후보과목 담기 2개밖에 안 된다고 나머지는 교양으로 채우라고 하시더라고요. 졸업요건 공지에 전공으로 4학기동안 전공으로 69학점 채워야 한다고 공지되어있고 설령 3학년 전공으로만 다 넣으려고 해도 3학년 전공끼리 시간 겹쳐서 18학점 못 채우게 되어있습니다. 1,2 학년 전공 넣어야 하는 상황인데 후보과목 담기는 2 과목 밖에 안된다고 하시고 후보과목 담기 안 한 과목은 정정기간에 아예 수강할 수 없나요? 그럼 어떻게 4학기동안 69학점을 전공으로 채우라는 건지 답변 부탁드립니다","안녕하세요.
편입생이어서 수강신청이 어려운점 이해합니다.
먼저, 수강신청은 해당 학년의 과목을 우선으로 신청할 수 있습니다.
물론 편입생, 복수전공, 전과에 해당하는 학생들도 본인의 학년에 맞게 수강신청이 원칙이나,
졸업요건을 갖추려면 1,2학년의 과목도 필요 할 수 있습니다.

학과에서도 이점 충분이 고려하고 있고요, 학과에서도 상담했듯이 우선 교수님께 메일을 보낸후 정정기간에 수강신청이 될 수 있도록
도와드린다고 합니다.
특히 편입생은 졸업요건에 전공만 필수로 이수하고 졸업학점만 채우면 졸업이 가능합니다.
교양과목은 본인의 선택으로 수강하셔도 됩니다.

감사합니다."
6,선복학 수강신청관련 질문드립니다,교무처 학사관리팀,2-1학기를 이수하고 3ㅡ1학기에 선복학을해서 이번 2학기에 2ㅡ2학기 수강신청을 하려고 합니다. 전산상으로 3학년으로 되어있는데 3학년 수강신청날에 2학년과목을 신청할수있나요? 안되면 어떻게 수강신청을 해야하는지 여쭤볼려고 질문드립니다.,"안녕하세요.
답변이 늦은점 양해드립니다.
학생은 2020-1학기에 3학년으로 선복학을 했습니다.
이번 2학기에도 물론 3학년이어서 2-2학기 수강신청이 원활하진 않을겁니다.
소속 학과에 문의하셔서 수강지도를 받으기기 바랍니다.

전기전자 학과사무실(052-259-2193)"
7,휴학취소시 수강신청,교무처 학사관리팀,"현재 이번학기 휴학한 상태입니다.
1. 4/9이 4분의 1선이던데 이 안에 휴학취소 가능한가요?
2. 만약 휴학취소를 하면 수강신청은 어떻게 되나요? (특히 교양)
3. 현재 코로나로 인해 사이버강의로 출석과 수업, 과제 등이 대체되고 있는데 휴학취소 시 지난 수업이나 과제들은 어떻게 되는건가요?","안녕하세요.
질문대로 답변드립니다.
1. 현재 학생은 휴학중이니 1/4선이내 복학신청하면 됩니다.
2. 복학승인후 수강신청은 학과사무실을 통해 진행하시기 바랍니다.
3. 복학승인이전의 출석인정은 담당 교수님께 문의하셔야 합니다.

*복학문의: 학사관리팀(259-2016)"
8,교재대금 및 수강신청확인원,교무처 학사관리팀,교재대금 낸 책들 배송 해주시는건가요?? 그리고 수강정정 후 확인원을 27일에 학과 메일로 보내드렸는데 제출된 건가요??,"안녕하십니까? 학사관리팀입니다.
문의하신 교재배송 및 수강정정확인원 관련하여
담당 학과(052-259-2255)에서 유선으로 답변 한다고
합니다.
감사합니다."
9,수강신청 확인원 미제출,교무처 학사관리팀,수강신청 확인원 제출 날짜가 20일 까지 인줄 모르고 못냈는데 어떡하나요? 지금이라도 내면 상관없을까요?,"안녕하십니까? 학사관리팀입니다.
수강신청확인원은 학과에(052-259-8000)전화를 하셔서
제출하시면 됩니다.
감사합니다."
10,수강신청 정정하지 않았는데도 수강신청확인원을 내야 하나요?,교무처 학사관리팀,수강신청 정정을 하지 않았는데 수강신청확인원을 내야 하나요? 그리고 이메일로 보내라던데 저희학과 과사무실 이메일을 찾아 봐도 안보이네요 행정학과 과사무실 이메일좀 알려주세요!,"안녕하세요 학사관리팀입니다.
수강신청기간에 수강한 과목이 옳바른지를
확인.변경하는 기간이 수강신청확인 및 정정기간입니다.
확인 결과 문제가 없다면 수강신청확인원을 출력하셔서
서명하신후 학과에 제출하시면 됩니다.
행정학과 조교선생님 메일은 sksmsdnrl@ulsan.ac.kr
입니다. 감사합니다."
11,수강신청 확인원?,교무처 학사관리팀,"안녕하세요.
수강정정 기간에 강의들을 신청 했는데요.
공지를 읽어보던 중 수강신청 이후 ""수강신청 확인원""을 제출해야 한다고 하더라구요. (학사공지 8407)

제가 궁금한 점은
""공과 대학 학생은 미제출, 대신 uwins를 통해 수강지도를 받아야 함"" 이라고 안내 되어 있던데
제가 공과대학인데, 이게 어떤 말인지 궁금합니다.

또, 수강정정기간때 신청한 강의를 수강하기 위한
그 이외의 필요한 절차가 있는지 궁금합니다.
그냥 수강정정하고 바로 수업 들으면 되는 건가요?","안녕하세요 학사관리팀입니다.
질문 1) 학생이 수강신청확인 및 정정기간이 완료가 되면
소속 학부에 수강신청확인원(재수강원)을 제출하여야 합니다만.
공과대학, 건축공학, 건축학부 소속학생은 수강신청확인원(재수강원)은
제출하지 않아도 됩니다.
UWINS 수강지도는 학부에서 하는 걸로 확인하였습니다.


질문 2) 수강신청및정정기간에 신청 및 변경한 강좌는 다음날 부터 유클래스에 반영이
됩니다. 참고하시어 수강하시면 됩니다.
감사합니다."
12,수강신청,교무처 학사관리팀,2학년때 전공필수인 재료역학을 못들어서 3학년때 들으려고 신청하려했으나 다 마감이 되어있는데 이런 경우 재료역학을 들을 수 있는 방법이 없나요?,"안녕하십니까? 학사관리팀입니다.
문의하신 전공과목의 수강인원에 대한 운영은
학부(과)에서 합니다.
기계자동학공학 259-2126 으로 문의하여 주시기 바랍니다.
감사합니다."
13,수강신청,교무처 학사관리팀,"이번에 마이크로특화전공(안전)을 신청해서 타학과 전공을 수강후보등록을 했습니다.

그런데 산업경영공학과 인간공학 과목이 전선이라고 알고 있는데

이수구분에 일선이라고 저장됩니다.

한번 확인 부탁드립니다.!","안녕하세요, 학사관리팀 김도희입니다.
유선으로 답변 드린 사항인데 한 번 확인 부탁드리겠습니다. (연계부전공으로 수강신청하여 문제 발생)

더 궁금하신 사항이 있으시면 학사관리팀(T. 259-1014)으로 문의 바랍니다.
감사합니다."
14,수강신청,교무처 학사관리팀,"전공인정과목 수강신청 시 유윈스에서 해당 과목 찾고 출력해 학부에 사인받는 건 기한이 없나요?
그냥 학기 중간에 사인받으면 되나요? 그리고 사인받고 그냥 학부에 제출하는 건가요?","안녕하세요 학사관리팀입니다.
문의하신 과목구분정정은
해당과목을 이수후,
UWINS신청(과목구분정정신청) - 신청서 출력 - 소속학부(과), 전공 경우 - 학사관리팀으로 신청하여야 합니다.
단, 8월 졸업예정자는 7월초, 2월 졸업예정자는 1월 초까지 학사관리팀에 서류 접수합여야 합니다."
15,수강신청 질문 있습니다.,교무처 학사관리팀,"처음 드려보는 질문인데 제가 이번에 4학년으로 올라가 다음주 월요일의 수강신청 건으로 궁금한 부분이 있습니다.

제가 가진 졸업요건으로 전공계 학점만 채우면 되어서 전공수업만 들으려고 하는데 이번 수강미리담기 코너에서 나온 4학년 전공 과목이 하나밖에 없어서 혹시 괜찮다면 3학년 내지 2학년 쪽 전공 과목도 신청해서 담아도 괜찮을까요?
이렇게 강의 담아도 학점 영향은 없나요?","안녕하세요 학사관리팀입니다.
모든 개설 강좌의 수강인원은 자과,자학년이 우선입니다.
만약 전공 타학년(2,3학년)과목을 이수하고자 하면
학생의 학부 사무실(역사.문화 : 259-2561)로 문의 하시기 바랍니다."
16,수강신청,교양대학 교학행정실,수강신청에서 학년에 0이 되어있는 과목은 학년 상관없이 신청할 수 있다는 건가요?,"안녕하세요, 교양대학 교학행정실입니다.

0학년의 의미는 학년 구분이 없다는 것이며, 학년별로 강의여석이 배분되어 있다는 것을 의미합니다."
17,수강신청 최대 학점,교무처 학사관리팀,"안녕하세요. 궁금한 점이 있어 문의드립니다.

저는 14학번 it융합 전공 학생인데
저 같은 경우엔 한 학기 수강신청을 20학점까지 신청할 수 있는건가요?

이전 학기에 학사경고를 받았었는데 그건 아무 영향 없는 건가요?","안녕하십니까? 학사관리팀입니다.

문의 1) 공과대학 2013학년도 신입생부터는 수강최대학점이 최대 20학점입니다.
문의 2) 수강신청학점은 학사경고와는 무관합니다.

감사합니다."
18,계절학기 수강신청,교무처 학사관리팀,이번에 11일에서 13일 사이에 수강신청을 놓쳤는데 겨울계절학기 수강정정기간에도 수강신청이 가능한가요?,"안녕하세요. 학사관리팀입니다.

2019학년도 겨울계절수업 수강신청확인 및 정정기간(2019.11.25(월) 09:00~11.26(화) 22:00)에
개설된 강좌에 대하여 신규 수강신청이 가능합니다.

o 문의처 : 학사관리팀(052-259-2013)"
19,수강신청 관련 질문드립니다.,미래교육선도기획단 교양기초교육원 교학행정실,"수강신청 때 결혼과가족 강의과 현대사회의이해 강의를 신청하여 담았는데
두 강의 모두 일반교양의 사회와역사 영역이었습니다.
한 학기에 같은 영역에서 2개 강의는 수강이 불가능하다고 알고 있는데
가능한 것인지 알고 싶습니다.","같은 영역에서는 1개 강의만 수강신청 가능하도록 되어 있으나, 원격 강의(인터넷)는 제외입니다."
20,계절학기 수강신청,교무처 학사관리팀,"안녕하세요 제가 생활과학부인데 공대로 전과를 하고싶어 기준을 봤더니 미적분 1, 2 를 무조건 이수해야되는데 계절학기 신청을 놓쳐버렸어요. 그러면 2학기에 듣는 방법말고는 아예 1학년때 전과할수있는 방법이 없는건가요..? 놓친 계절학기 수업을 교수님에게 따로 이메일을 보내거나 들을수있는 방법은 있을까요 ,,?","안녕하세요.
학사관리팀입니다.

여름계절수업 수강신청확인 및 정정기간은 5. 27(월)~5.28(화) 22:00까지입니다.
마감된 교과목은 수강신청이 불가합니다."
21,수강신청 학점,교무처 학사관리팀,수강과목 9개에 세어보니 학점이 18점인데 왜 학점이 17점이 되어 있나요?,"안녕하세요. 학사관리팀입니다.

Freshmen seminarI(1학점) 과목은 신입생들이 학교생활에 빠른 적응을 돕기 위해 개설된 과목으로
과목 활성화를 위하여 Freshmen seminarI(1학점) 과목은 최대수강학점을 초과하여 수강할 수 있으므로
UWINS-수강신청메뉴-신청학점에 미포함 된 것이지만 실제로 수강신청학점은 18학점입니다.

* 수강신청 학점 확인경로 : UWINS(학생포털) - 학적변동 - 학적기본조회 - 수강
* 문의처 : 학사관리팀(052-259-2013)"
22,편입생 수강신청 질문드립니다,교무처 학사관리팀,"사정이 생겨 편입생 오리엔테이션을 참석하지 못하게 되어서 수강신청에 관련되어서 어떻게 진행 되는지 궁금하여 질문을 남기게 되었습니다.
수강신청은 기존 재학생들과 동일한 형식으로 진행 되나요? 아니면 인원이 미충족된 수강강좌를 골라서 신청해야 하나요?
인정학점이 얼마인지도 모르는 상태에서 수강신청을 할려니 너무 어려워서 전공부터 수강신청을 하는 것이 맞는지 궁금합니다.","안녕하세요. 학사관리팀입니다.

2019학년도 3학년 편입생 수강신청기간(2.22(금) 09:00~22:00)입니다.
(수강신청확인및정정기간(3.6~3.8) 참고하시기 바람.)

1. UWINS(학생포털) 가입 후 교과과정.수업-수강정보-수강신청에서 합니다.

2. 인정학점은 3월초 이후 소속 학부(과)에서 심사 후 반영하여 3월말 확인가능합니다.
- 학사공지 '2019학년도 편입생 인정학점 부여 안내' 참고 바람.
- 학생의 경우 인정학점 : 65학점이며, 전선(전공선택)으로 인정받을 수 있는 학점은 최대 15학점이며
50학점은 일반선택으로 인정됨.
- 확인경로(3월말) : UWINS-학적변동-개인정보-학적기본조회-성적 탭 또는 졸업요건

3. 수강신청학점은 17학점을 기준으로 최대 19학점까지 가능하며, 공과대학은 최대 20학점, 간호학과는 최대 24학점까지
수강할 수 있으며, 졸업요건과 관련되는 전공계(전필, 전선) 위주로 수강신청하시기 바랍니다.
- 전공과목 수강신청 여석 관련은 해당 소속 학부(과)사무실로 문의하시기 바랍니다.
- 2019학년도 1학기 교과목 조회 : UWINS → 교과과정.수업 → 수강정보 → 강의시간및수업계획서조회(검색: 영어강의 조회 가능)
* 수강관련 : 소속 학부(과) 사무실, 학사관라팀(052-259-2013)
* 성적/졸업 : 학사관리팀(052-259-1318)"
23,수강신청 관련해서 질문드립니다.,교무처 학사관리팀,"올해 졸업 유보가 되었고 신청 학점이 6학점일 예정인데 다른 학년 강의라
수강신청때 안열려서 정정기간에 교수님께 부탁드려서 수강신청을 하려고 하는데
지금 당장의 학점이 0 학점이어도 휴학처리가 안되나요?
그리고 학점별로 n/1 해서 등록금이 나가는데 지금 0 학점이면 나중에 계산이 따로되는건가요?","안녕하세요. 학사관리팀입니다.

전공과목 수강신청은 개설학년 순으로 수강신청이 되고 있습니다.
저학년 전공과목의 수강신청은 소속 학과 사무실로 문의하시기 바랍니다.
전공과목 수강인원은 해당 전공에서 운영하고 있습니다.
수강신청을 하지 못한 경우, 임의로 휴학처리 하지 않습니다.

졸업유보(수업연한초과) 등록은 최종 수강신청확인및정정기간(3.6~3.8) 이후 수강신청 학점에 준하여 등록금이
적용되므로 3.12(화)~3.13(수) 등록기간에 등록히사기 바랍니다.

학교 홈페이지 재학생 등록금 납부 안내 참고하시기 바랍니다.
o 등록금 납부 관련 문의 : 회계팀(052-259-2055)"
24,"복수전공, 부전공 수강신청 문의드립니다.",교무처 학사관리팀,"복수전공, 부전공 둘다하고있는데
수강신청 첫날 9시, 11시에도 모든 3학년 수업들 마감되어있고
마지막날 9시도 1,2,3 학년 수업은 싹다 마감이던데 원래 학년이 다르면 복수, 부전공이라도 수강할수 없게 막혀있는건가요?","안녕하세요. 학사관리팀입니다.

전공과목 수강신청은 개설학년 순으로 수강신청이 되고 있습니다.
저학년 전공과목(복수전공, 부전공 포함)의 수강신청 여부는 복수전공 및 부전공 학과 사무실로 문의하시기 바랍니다.
전공과목 수강인원은 해당 전공에서 운영하고 있습니다."
25,수강신청 관련 질문이 있습니다,교무처 학사관리팀,"다자인학부 제품과 재학 중입니다.
2학년 1학기 교과과정을 보니 전공필수 강의와 교양필수 강의 시간이 겹치는데
혹시 같은 학부 타 학과의(디지털컨텐츠과) 교양필수 항목을 수강해도 교양필수 이수가 되는 건가요?
아니면 나중에 같은 학과 교양필수 강의를 수강해야 하나요

그리고 전공필수와 교양필수 중 선택하려고 졸업요건을 확인했는데
다른 항목(교필,교양계,기필,전공계 등)은 제대로 졸업요건에 적혀 있는데
전공필수 항목만 이수해야 하는 학점이 적혀있지 않은데
그렇다면 전꽁필수 학점이 없어도 전공계 학점만 채우면 졸업이 가능하다는 말인가요
아니면 그저 홈페이지 오류인가요 (그런데 다른 컴퓨터, 다른 날짜에 조회해도 동일했습니다.)

처음 수강신청을 해서 모르는 것 투성이네요
빠른 답변 부탁드립니다","안녕하세요. 학사관리팀입니다.

교필의 경우는 타 학부(과) 분반을 수강해도 이수구분이 교필로 인정됩니다.
제품.환경디자인학전공의 교필이수는 4확점으로 영어읽기쓰기(2학점), 기초실무영어(2학점)입니다.
소속 전공 외의 타 과 전공의 수강신청은 학생의 수강신청기간에 여석이 없을 경우는 수강신청이 불가하며,
전체학년 수강신청(2.13) 또는 수강신청확인및정정기간(3.6~3.8)에 수강여석이 있을 경우, 수강신청이 가능합니다.

졸업요건에 전공계 69학점 이상 이수하고, 전필 요건은 별도로 없습니다.
UWINS-학적변동-학적기본조회-졸업요건에서 확인한 내용입니다.

전공공통과목, 전공인정과목(복수전공, 연계전공자는 제외)의 경우는 전공으로 인정이 됩니다.
* 전공공통과목, 전공인정과목 확인 : UWINS-교직.전공-교과과정-전공공통과목, 전공인정과목"
26,수강신청관련 문의드립니다.,미래교육선도기획단 교양기초교육원 교학행정실,"이번 ""21세기세계와한국"" 과목이 ""21세기국제관계"" 기 이수자들은 수강신청이 불가하게 되었는데 ""21세기국제관계""를 f학점을 취득한 경우에도 수강신청을 할 수 없는 지 그리고 그럼 ""21세기국제관계"" 과목은 재수강을 할 수 없는 것인지 문의드립니다.","안녕하세요, 교양기초교육원입니다.

『21세기세계와한국』은 『21세기국제관계』 교과목 명칭이 변경된 과목입니다. 따라서 중복 수강을 막기위해 수강신청 불가 조건을 설정한 것입니다.

과목 명 변경에 따라 기존 『21세기국제관계』 교과목은 폐지처리되며, F학점의 경우 폐지과목학점취소 신청 대상이됩니다.

학점취소 승인 후, 『21세기세계와한국』 강좌를 수강하시기 바랍니다."
27,19년도 1학기 수강신청기간은 언제쯤 공지되나요?,교무처 학사관리팀,1월도 다 끝나가는중인데 아직 공지가 뜬게 없어서 문의드립니다.,"안녕하세요.
학사관리팀입니다.

2019학년도 1학기 수강신청기간은 2019. 2. 11(월)~2.13(수) 입니다.

1. 학년별 수강신청 일자
* 4/5학년 : 2. 11(월) 09:00~22:00
* 3학년 : 2. 11(월) 11:00~22:00
* 2학년 : 2. 12(화) 09:00~22:00
* 1학년 : 2. 12(화) 11:00~22:00
* 전체학년 수강신청 : 2. 13(수) 09:00~22:00

2. 수강희망과목(강좌) 미리 담아두기 기간 : 2019. 2. 7(목) ~ 2. 8(금) 09:00~22:00

2019학 1학기 수강신청 관련 안내는 1.24(목) 학사공지 안내 예정입니다."
28,계절학기 정정기간에 수강신청을 했는데요.,교무처 학사관리팀,"수강신청확인원을 제출해야 하나요?

현재는 휴학생입니다.","안녕하세요. 학사관리팀입니다.

겨울계절수업의 수강신청확인원은 제출하지 않습니다.
단, 재수이수는 재수강원을 소속 학부(과) 사무실로 제출하시기 바랍니다.

o 제수강원 제출기간 : 2018. 11. 12(월) ~ 12. 7(금)"
29,수강신청을 할 때,교무처 학사관리팀,"수강신청을 할 때

8월에 1학년, 2학년, 3학년, 4학년 각각 따로 신청기간이 주어지는데

3학년 학생은 ""3학년 과목""만 한해서 경쟁이 이루어지는 거 맞나요??
제가 3학년 학생인데
1학년 과목이나 2학년 과목은 항~~~상 마감이더라구요.
분명 1학년과 2학년보다 며칠 먼저 수강신청을 하는데도 불구하고!


그래서 제 질문은

해당 학년이 아닐 시에는 8월에 수강신청기간에는 수강신청이 불가능하고
수강정정기간인 9월에 여석이 있으면 교수님에게 찾아가 사인받고 학과사무실에서 수강신청을 하는
방법 뿐인가요?","안녕하세요, 학사관리팀입니다.

우리 대학은 학년별로 구분하여 수강신청을 하고 있습니다.
수강신청이 종료되면 남은 인원에 한해 전체학년 수강신청기간에 가능합니다.
자세한 사항은 학생 소속 전공사무실에 문의하시기 바랍니다."
30,전공과목 수강신청,교무처 학사관리팀,제가 전공과목이 시간표가 바껴서 다른 전공과목을 듣고싶어서 수강신청 정정기간에 신청할려는데 만약 그 전공과목이 마감됐으면 제가 그 전공과목을 못듣는건가요?? 따로 부탁해서 전공과목 열어달라고하면 열어주나여??,"안녕하세요. 학사관리팀입니다.

수강신청확인 및 정정기간(9.5~9.7)에 수강신청할 전공과목이 마감일 경우, 개설학부(과) 문의 후
수강신청하기 바랍니다."
31,수강신청,교무처 학사관리팀,"아직 2019년 1학기 수강신청 기간만 올라와 있지 않은 것 같은데 언제쯤 알 수 있나요??
날짜를 알려주실수 있나요??","안녕하세요. 학사관리팀입니다.

2019학년도 수강신청기간은 2. 11 ~ 2. 13일 입니다.
감사합니다."
32,군 복무중 학점취득 수강신청 안내,교무처 학사관리팀,현재 군복무중이고 내년 8월달 전역예정인데 군 복무중 학점취득이 가능한 학교가 있던데 저희학교는 해당되있는 학교가 아닌가요??????????,"안녕하세요. 학사관리팀입니다.
현재 우리대학에서는 군 복무 중 원격강좌 등을 통한 학점취득제도를 운용하고 있지 않습니다."
33,수강신청,자연과학대학 수학과,"수학과 과제세미나 수강신청에 있어서 문의드립니다.
1학년은 수강신청에 있는 시간과 수강시간이 일치해서 문제가 없으나
2학년은 수강신청 시간과 실제 수업을 듣게 되는 시간이 달라서 과제세미나를 신청하게되면 그 시간대에 다른 수업을 신청할 수 없습니다.
혹시 유윈스에서 수정이 가능하면 수정해주시길 부탁드립니다.

아래는 저희 과 수강신청 공지 링크와 일부 내용입니다.
https://uwins.ulsan.ac.kr/COMM/PopupHagbuNotice.aspx?board_gb=A38002&seq=32665

1. 과제세미나와 관련하여 안내드립니다. (2학년필독)

현재 과제세미나Ⅳ의 uwins 수강신청 시간표는 화 8,9교시입니다.
신청은 화 8,9교시이지만 실질적인 수업은 수 8,9교시이오니 그 시간에 다른 과목 수강신청을 하지 않으시길 바랍니다!

실제 수업시간
1학년 과제세미나 : 화요일 8.9교시
2학년 과제세미나 : 수요일 8.9교시

지난 학기와 같이 임의로 수강신청이 가능한 교수님으로 신청하시면 추후에 분반이 배정됨을 알려드립니다.
과제세미나 분반의 경우, 개강 후 학과게시판을 참고하시기 바랍니다.",학생과 전화상담으로 답변을 드렸습니다.
34,수강신청,교무처 학사관리팀,"정정기간에 수강신청을 하는 과정에서
수강신청확인원을 제출한 이후에 확인원과 내용과 다른 교양과목이
실수로 들어가버렸어요
실수로 들어간 교양과목 수강신청 취소가 가능한가요?","안녕하세요 학사관리팀입니다.

UWINS로 한 수강신청이 최종 수강신청입니다.
수강신청 확인원을 재 출력하여 제출하시면 됩니다."
35,수강신청 관련 문의입니다.,교무처 학사관리팀,"안녕하십니까.


다름이 아니라 몇가지 여쭤보고 싶은 것이 있습니다.

1. F학점은 취득학점에 포함되지 않는것으로 알고있는데, 그러면 졸업요건인 이수학점에도 포함되지 않는건가요? 그리고 그 F학점 과목을 재수강하게되면, C0 성적 과목을 재수강할때와 달리 이수학점에 +2가 되는건가요?

2. 제기 전에 ""과제세미나V"" 과목을 수강신청해서 이수했습니다. 하지만 이번학기부터 ""과제세미나V(캡스톤디자인)""으로 과목명이 바뀌어, 기존 ""과제세미나V"" 과목 이수자도 ""과제세미나V(캡스톤디자인)""을 들으면 새로 학점이수가 가능한지 궁금합니다.


감사합니다.","안녕하세요 학사괄니팀입니다.

1. F학점은 평점에만 포함되고 이수학점에는 포함되지 않습니다.
따라서 재수강 하게되면 이수학점에 해당학점이 추가되므로, 학생이 알고있는바가 맞습니다.

2. 과제세미나V를 수강한 학생은 과제세미나V(캡스톤디자인)을 수강할 수 없습니다."
36,다른학년이나 다른과에 수강신청,교무처 학사관리팀,"필수과목은 안될것같고, 선택과목인 경우 다른과나 다른학년 강의를 신청하는것이 가능한지 궁금합니다. 복수전공은 아니고요
수업계획서 ""개설학과-학년"" 에 해당하는 사람들만 신청가능한지요?","안녕하십니까? 학사관리팀입니다.
타과에 개설된 과목을 수강하고자 할 경우에는 타과에서 수강 신청 인원을 받아줘야 합니다.
듣고자 하는 과목의 개설학과에 가능여부를 확인하시기 바랍니다.
참고로 타과 학생도 수강이 가능하다면
전체학년 수강신청 기간인 2.7(수)에 하시면 됩니다.
감사합니다."
37,수강신청,교무처 학사관리팀,"교직이수목적은 아니구요
개인적으로 듣고싶은 과목이 교직과목이더라고요..
교직이수신청을 안한 일반 학생도 교직과목 들을 수 있을까요??","안녕하세요. 학사관리팀입니다.

교직과정이 아니더라도 교직과목을 수강신청을 할 수 있습니다.
해당 교과목 개설 학과와 상담하시기 바랍니다.
감사합니다."
38,수강신청,교무처 학사관리팀,"신청 기간과 미리담기 기간, 신청법이 궁금합니다.","안녕하세요. 학사관리팀입니다.

2018학년도 수강신청기간은 2.5(월)~ 2.7(수)이며, 미리담기기간은 2.1(목) ~ 2.2(금)까지 입니다.
신청방법은 [uwins]>[교과과정.수업]>[수강정보]>[수강신청안내]에 자세한 설명이 되어 있으니 참고하시기 바랍니다.
감사합니다."
39,2018-1학기 수강신청기간??,교무처 수업지원팀,학사력에 보면 수강신청기간이 02-05~02-07인데 학년별로 날짜가 달랐던걸로 기억하는데 4학년은 언제고 3학년은 언제고 2학년은 언제인가요??,"안녕하세요. 수업지원팀입니다.

2018-1학기 학년별 수강신청은 아래와 같습니다.
2/5일: 4,3학년
2/6일: 2,1학년
2/7일: 전체학년
자세한 일정은 UWINS 참고 바랍니다. 감사합니다."
40,수강신청,교무처 수업지원팀,"수강신청 기간에 수강신청하는것을 놓쳤는데
( 해외교환으로 가도 수강신청 해야하는게 있어서 )
수강정정기간에는 제가 교환학생으로 중국에 가있는데 어떻게 해야하나요?","안녕하세요 수업지원팀입니다.

수강신청은 인터넷만 된다면 해외 어디서든 가능합니다.
따라서 수강정정기간에 반드시 수강신청하시기 바랍니다.

즐거운 하루 되세요"
41,3학년이 1.2학년 수강신청,교무처 수업지원팀,"3학년인데 기초필수 과목을 들어야해서
1학년 기필 수업을 들으려 합니다
그런데 오늘 11시에 바로 들어왔는데 마감이더라구요
다른 질문에 보니
3학년이 1.2학년 수강신청 하려면
전체학년 수강신청때 하는거라고 답변이 되어 있던데
이미 마감이라고 뜬 과목들을 전체학년 수강신청에 신청 할수 있는건가요","안녕하세요, 수업지원팀입니다.

우리 대학은 학년별로 구분하여 8.7~8.9(3일간) 수강신청을 하고 있습니다.

1학년 수강신청(8.8)이 종료되면 남은 인원에 한해 전체학년 수강신청기간(8.9)에 가능합니다.

자세한것은 전공사무실에 문의하시기 바랍니다.

즐거운 하루 되세요^^"
42,재입학자 수강신청관련 질문입니다.,교무처 수업지원팀,"2015년 3학년 2학기 까지 학교를 다니다가 제적 되어 2017년 2학기 재입학 하게 되었는데요
졸업요건학점이 130학점으로 알고 있습니다.
그런데 제가 지금 학점이 85학점으로 학점이 많이 부족한 상태인데
작년 3학년 2학기 개설된 과목 모두 수강신청하려니 F받은 한 과목 빼곤 모두 이수가 된 상태이고 1학년 2학년 때 F받은 교선이나 전필 과목을 신청을 해야 할것 같은데 가능 한가요?","안녕하세요 수업지원팀입니다.

학생의 경우 중복되는 학기는 학점과 관계없이 재수강이 가능하나
1학년 2학기 과목의 경우는 C+ 이하의 과목도 재수강 가능합니다.

단, 전체학년 수강신청기간에 가능하고, 수강신청관련 문의는 경영학전공 사무실에 문의하시기 바랍니다.

즐거운 하루 되세요"
43,마지막 학기 수강신청관련해서 질문드려요,교무처 수업지원팀,"현재 유급상태로 4학년 1학기에 재학중입니다. 실제로는 5학년 1학기와 같은 상황이라 이번학기에 졸업학점이 채워지게 되는데 친구말로는 마지막학기는 무조건 최소 9학점을 신청해야 된다고 하던데, 이미 졸업학점을 전부 다 채운상태라도 다음학기에 최소 9학점을 들어야 하나요??","안녕하세요. 수업지원팀입니다.

민감정보가 있어 개인메일로 답변드리겠습니다.

자세한 문의는 수업지원팀(T.259-1013)으로 문의바랍니다.

감사합니다."
44,이번에 뒤늦게 복학하려는데 수강신청 못하나요?,교무처 수업지원팀,어쩌다보니 늦게 수강신청 하려고하는데... 수강신청할수없나요?,"안녕하세요 수업지원팀입니다.

늦게 복학하시는 분들은 전공 사무실에 상담을 받으시면 됩니다.
건설환경공학전공(259-2255) 입니다.

즐거운 하루 되세요"
45,교류대학 수강신청확인원,교무처 수업지원팀,"교류대학에도 수강신청 확인원을 제출해야 하나요?
제출한다면 어디에 제출해야 하나요?","안녕하세요.수업지원팀입니다.

2017년 1월 18일 메일로 발송한 [**대학교 2017학년도 1학기 국내대학 교환학생(타대학생) 학사안내]에는 수강신청확인원
제출해야 한다는 내용은 없었으며, 학생이 직접 교류대학 학사포탈 학사공지을 확인하기 바랍니다."
46,수강신청 기간을 놓치면 아예 수강신청을 할 수 없나요?,교무처 수업지원팀,"수강신청 기간을 놓치게되면 정정기간 때 수강신청을 할 순 없나요?
아예 불가능한가요?","안녕하세요 수업지원팀입니다.

수강신청 확인 및 정정기간 (3. 6 ~ 3. 8) 까지
수강신청 및 정정을 하시면 됩니다.

즐거운 하루 되세요"
47,타학년 수강신청,교무처 수업지원팀,타학년 수강신청은 전체 수강신청일인 2/8일에 가능한가요?,"안녕하세요.수업지원팀입니다.

타학년 과목 수강신청은 2/8일 전체학년 수강신청일에 하시면 됩니다.

감사합니다."
48,수강신청 미리담기,교무처 수업지원팀,"수강신청 미리담기를 하고 있습니다.
인터넷 강의를 수강하려고 하는데
같은 이름으로 강좌번호가 나누어져 있는 이유가 무엇인가요? (예:결혼과가족 A00125-01,02,03)
이수구분, 과목명, 소속, 학점, 담당교수는 모두 같습니다.

강좌번호에 따라 수강할 수 있는 인원이 다른가요?
하나로 되어있는 강의도 있고 이렇게 아닌 것도 있어서 무슨 차이가 있는지 알고 싶어요.","안녕하세요.수업지원팀입니다.

결혼과 가족 교과목은 인터넷강의입니다.

01~03은 분반이며, 분반에 따라 수강인원이 다를 수 있습니다.

감사힙니다."
49,수강신청 날짜,교무처 수업지원팀,내년 1학기 수강신청 날짜가 언제인가요?,"안녕하십니까. 수업지원팀입니다.

2017학년도 1학기 수강신청은 2017.2.6~2.8(3일간)입니다.

감사합니다."
50,수강신청 오류,교무처 수업지원팀,"안녕하세요 학과사무실에서 내일까지 수강신청 확인원을 제출하라하여 확인중에
제가 신청하지 않은 과목이 수강신청 되어 있는것을 오늘에서야 알았습니다.
인터넷 강좌라 평소 시간표 조회 할때에도 나오지 않아 너무 늦게 알아버렸네요
수강신청 할 때 실수가 있었던 것 같은데 이 경우 어떻게 해야하나요
수강신청 확인원은 아직 내지 않은 상태입니다. 제발 도와주세요. 저는 개강 후 한달동안
그 강좌를 알고 있지도 듣지도 못했고 수업 진행 상황도 전혀 모르고 있는 상태입니다.","안녕하십니까. 수업지원팀입니다.

「부정청탁 및 금품등 수수의 금지에 관한 법률」에 따라,

수강신청 및 수강정정기간이후에 수강변경이 불가합니다.

기타 문의사항은 수업지원팀(T259.1013)으로 연락주시기 바랍니다.

감사합니다."
51,수강신청확인원 질문,교무처 수업지원팀,"제가 제1전공은 국어국문학과이고 제2전공은 경제학과입니다

수강신청 확인원을 제출하는데 있어서

제1전공은 국어국문학부지만 이번학기는 경제학과 수업만 듣습니다

이럴경우 수강신청 확인원을 어느학과 사무실에 내야하나요?","안녕하십니까? 수업지원팀입니다.

수강신청확인 및 정정기간에는 수강신청확인원을 출력하여 당초 수강신청한 과목과 동일여부를
확인하고자 하는 취지입니다.

수강신청확인 및 정정 절차는 아래와 같습니다.
수강신청확인원 출력 -> 해당 과목 추가 또는 취소 등 수강정정(학생)-> 수강정정사항 승인 취득(지도교수)
->인터넷(UWINS) 수강정정(학생)->수강신청확인원(수강정정내용)재출력-> 소속학과(주전공) 사무실 제출

감사합니다."
52,수강신청시,교무처 수업지원팀,.,"안녕하십니까? 수업지원팀닙니다.

현재는 수강신청시 여석이 있는 경우, 수강신청버튼이 활성화 되도록 되어있어
수강신청 가능 여부를 확인할 수 있습니다.
문의하신 내용을 검토해본 결과, 타 대학 중 수강가능인원을 공개하지 않는 대학들이 다수 있음을 확인하였고,
교과목별 수강신청인원은 해당교원의 요청, 수업의 사정에 따라 수시로 변경이 되는 경우도 있으므로,
학년별, 인원별 수강신청인원이 공개될 경우 인원변동에 따른 불이익을 받는 학생들의 민원발생의 우려가 있습니다.
추가적으로 학생들의 강의 사고팔기를 제한하기 위하여 기술적인 부분을 수강신청시스템에 반영하여 운영하고 있어,
실시간 수강가능인원을 공개하지 못함을 양해 바랍니다.

감사합니다."
53,수강신청 관련하여 질문드립니다,교무처 수업지원팀,"안녕하세요

이번학기 계량경영학(회계학과 분반) 3학점만 수강하면 졸업하게 됩니다

2학년 과목이라 오늘(8.9)접속해서 신청할려고 했는데

4학년이라 그런지 안되더군요

내일 공통신청기간(8.10)때 4학년도 2학년 과목 신청이 가능한가요?

혹시 내일도 인원초과라면 학과사무실 찾아가서 말해야 되나요?","안녕하십니까? 수업지원팀입니다.

일반적으로 2학년 개설과목은 2학년 학생이 수강하는 것이 우선입니다.

따라서, 전체학년 수강신청일(8.10(수)) 혹은 수강정정기간(9.5~9.7에 신청하시면 됩니다.

감사합니다."
54,교직 수강신청 관련,교무처 학적관리팀,"제가 3학기 2학기 시기에 타대학 교류수학으로 인해
교직과목을 못들어서

이번학기가 3학기 2학기때 들어야하는 3가지 수업
교육행정. 교직실무.교육사회를 수강신청을 하려고해도 수강신청이 막혀있네요.(9시부터 바로 마감되어있어요)

제가 지금 해외에 있어서 통화도 어려운데. 수강신청하고자하면
어떻게하면 될까요?","안녕하세요, 교직팀입니다.

해당 과목은 3학년 2학기 과목이므로, 타 학년의 수강을 제한하고 있습니다.
전체 수강신청 가능한 날(10일)에 다시 한 번 시도하여 주시기 바랍니다.
그 때에도 수강신청이 어려울 경우, 강의실 여석 등에 대한 문제일 수 있으므로 교직팀(T. 259-2017)으로 연락바랍니다."
55,다른과 기필 수강신청,교무처 수업지원팀,지금 제가 2학년인데 1학년 기필강의는 1학년 우선 선택 후 자리가 남는다면 신청이 가능한걸로 알고 있습니다. 근데 시간표를 짜보니 같은과 1학년 기필 강의는 시간이 겹쳐서 못 듣는데 다른과 강의를 신청할 수 있나요???,"안녕하세요 수업지원팀입니다.

구체적으로 어떤과목인지 알아야 상담이 가능합니다.

그리고 타 과수업이라면 타과 1학년들이 먼저 듣고 남는 여석에 한해서 타 학년, 타 과에 수강신청을 허용할 가능성이 높으므로
해당 전공사무실에 문의하시기 바랍니다.

즐거운 하루 되세요"
56,"수강신청확인원, 재수강원",교무처 수업지원팀,"안녕하세요. 군복무를 마치고 복학예정인 학생입니다.
수강신청에 관해 이것저것 읽어보다가 '수강신청확인원 및 재수강원 제출기간' 공지를
봤는데, 예전에는 이런 서류를 제출한 기억이 없어서 '수강신청확인원', '재수강원'이
무엇인지 잘 모르겠습니다.
설명 부탁드리겠습니다.
감사합니다.","안녕하세요 수업지원팀입니다.

수강신청 확인원은 본인의 수강신청 현황을 출력하여 전공사무실로 제출하여야 하며
재수강원은 재수강하는 과목이 있을때 출력하여 전공사무실로 제출하여야 합니다.

자세한 내용은 본인 전공사무실에 문의해보시면 됩니다.

즐거운 하루 되세요"
57,수강신청에 대해 질문이요,교무처 수업지원팀,"만약 전공과목이 1,2로 나누어져있으면 꼭 전공과목1을 듣고 2를 들어야하나요? 아니면 상관없이 전공과목2를 먼저 들을 수 있는건가요??","안녕하세요 수업지원팀입니다.

과목별로 상이할수 있으니 해당전공사무실에 문의하시기 바랍니다.

즐거운 하루 되세요"
58,2학기 수강신청 미리담기,교무처 수업지원팀,"16년도 2학기엔 수강신청미리담기 없는건가요??
있다면 날짜가 어떻게 되는지..","안녕하십니까? 수업지원팀입니다.

우선 답변이 늦어서 죄송합니다.

2016-2학기 수강신청 미리담기 기간은 8.4~8.5(9:00~22:00)입니다.

감사합니다."
59,수강신청확인서,교무처 수업지원팀,제출기한이 어제까지인줄 모르고 제출을 못하엿는데 이후에 제출해도 괜찮은가요?,"안녕하십니까? 수업지원팀입니다.

수강신청확인서는 정정기간 전까지 제출하셔야 합니다.

감사합니다."
60,수강신청문의드립니다.,교무처 수업지원팀,"제가 졸업요건에 전공필수학점 69점중 9학점이 부족한대요.
이번이 마지막학기라 수강신청을 하려고 보니 해당학년 학기의 전공과목학점이 7학점인데
나머지 2학점은 같은 단과대학내의 전공과목 중 그동안 수강하지 않았던 과목 수강신청하면되는건가요??
만약 같은 단과대학내 타과 전공수업 신청하려고 하거나 같은과의 다른학년수업을 신청하려고 하면 어느곳에 문의를 해야되나요 ?","안녕하십니까? 수업지원팀입니다.

가급적 소속단과대학에 수강신청을 권장합니다.

타과 전공수업 신청시 타 학과로 문의하시면 됩니다.

감사합니다."
61,수강신청에 관해 문의드립니다,공과대학 전기공학부 전기전자공학전공,"1학년은 1학기는 과에서 시간표를 정해주지 않습니까?

그래서 단체로 모여 선배님들이 시키는 대로 수강신청을 하는 과정 중

공학과 설계입문 6 과목이 마감되어 신청하지 못했습니다

그래서 3/2일 과 사무실을 방문하여 상담하니

화요일 시간표를 조정하여 해당 수업을 추가, 9시에서 6시까지 점심시간 없는 '연강'을 들으라는 황당한 해결방법을 안내받았습니다.

왜 이렇게 된 건지 이유를 물어보니 30명 정원인 교실을 50명으로 통지받아 일어난 일이라고 하는데,

잘못된 배정으로 인한 피해를 왜 애꿎은 학생들이 피해를 봐야 하는지, 이런 방법밖에 없는지 궁금합니다

행정 편의적이 아닌 조금 더 학생의 입장에서 생각해 주셨으면 합니다.","안녕하십니까? 전기전자전공 사무실 김은지입니다.

먼저, 공학과 설계입문 분반에 배분에 차질이 생긴 것 죄송합니다.

하지만,, 아침부터 저녁까지 공강 한시간 없이 시간표를 짜주지 않습니다.

그리고 화요일 시간표를 확인하니 공강인 시간대가 분명 있습니다.

그리고 문의한 내용을 보면 수업이 바뀌어도 공강시간은 동일하게 존재합니다.

저희도 시간표를 짤 때 연강을 되도록 겹치지 않고자 노력하였습니다.

이해가 안되는 점이 있다면 과사무실로 방문하시면 모든 시간표 시간대를 보여드리고 설명 해 드리겠습니다.

오늘 중으로 과사무실 방문 좀 부탁드리겠습니다!

- 전기전자공학전공 김은지 드림 (259-2193)"
62,수강신청기간,교무처 수업지원팀,"현재 해외 체류 중으로 수강신청기간을 놓쳐버렸는데, 그걸 오늘 날짜로 알아버렸네요...그리고 수강신청으로 들어가는 것 부터가 항목에서 사러져 있는데.., 복학신청 은 하고 수강 미리담기 는 했고.., 제가 미리담기를 수강신청을 하는 것으로 착각을 한 모양 입니다....... 기간을 놓쳐버린경우, 혹시 따로 수강신청을 할 수 있게끔 클릭 항목 좀 열어 주실 순 없을까요? ... 제가 3월 4일에 한국 으로 귀국합니다.. 4일 부터 바로 강의 참석을 하려고 해서요..","안녕하세요 수업지원팀입니다.

수강신청은 수강정정기간에도 가능합니다.

즐거운 하루 되세요"
63,전공이랑 관련없는 과목 수강신청,교무처 수업지원팀,전공과목이 아닌 다른 과의 과목을 부전공이나 복수전공 신청없이 수강해도 학점으로 인정되나요,"안녕하세요 수업지원팀입니다.

수강신청을 하지 않으면 학점으로 인정되지 않습니다.

즐거운 하루 되세요"
64,수강신청 관련하여 질문드립니다.,교무처 수업지원팀,"수강신청시 학년이 다른 과목을 재수강 또는 학년이 다른 과목을 수강하려는 경우에는

일단 자신의 학년에 해당되는 날짜에 수강신청을 하고나서 2/5일날 전체적으로 수강신청을
하는날 나머지 위의 경우에 해당되는 것을 수강신청 할 수 있나요?ㅠㅠ","안녕하세요 수업지원팀입니다.

전체학년 수강신청(2.5) 혹은 수강정정기간(3.4~3.8)에

신청하실 수 있습니다.

감사합니다."
65,수강신청 영역 질문잇습니다,교무처 수업지원팀,"실용교양(직업관련)란과 실용교양(생활관련)란의 과목을
같이 수강신청 할 수 없나요 ?

직업관련에서 1과목 생활관련에서 1과목 담기해놧는데
수강신청 할 때 두 과목 다 할 수 있나요 ?","안녕하십니까? 수업지원팀입니다.

우선 답변이 늦어 죄송합니다.

질문내용에 대해 정확한 확인이 어려워서 가능하시면

수업지원팀(T.259-1013)으로 전화주시면 자세히 설명드리도록 하겠습니다.

감사합니다."
66,수강신청미리담기중,교무처 수업지원팀,"영어읽기 쓰기강의가 검색할땐 중점영역이아닌데 담기를하면 중점역역이라고뜨네요
이렇게되면중점교양인정이되는건가요?","안녕하세요 수업지원팀입니다.

2012학번의 학생들에게는 영어읽기쓰기가 중점영역에 포함됩니다.

즐거운 하루 되세요"
67,수강신청 날짜,교무처 수업지원팀,3학년 수강신청 날짜가 2월 3일인건 아는데 9신가요 11시인가요 표에 구분선없어서 헷갈려요,"안녕하십니까? 수업지원팀입니다.

3학년은 11시부터 수강신청 가능합니다.

감사합니다."
68,수강신청에 관련하여 질문드립니다.,교무처 수업지원팀,"정민자 교수님의 가족관계학 인터넷강의를 미리담기로 담으니
' 일선 ' 이라고 뜨더라구요. 학점따는데는 아무런 문제가 없는건가요?","안녕하십니까? 수업지원팀입니다.

본인 전공에 따라 신청한 과목의 이수구분이 변경될 수 있으니

수강신청후 이수구분을 반드시 확인하시기 바랍니다.

감사합니다."
69,수강신청(동일학부 교양),교무처 수업지원팀,"생활한문을 들으려고 하는데 디자인학부를 기준으로 개설된 시간을 클릭했더니
그 학부가 아니면 안된다고 하더라구요.
대학(공통)이 아니면 들을 수 없나요?
아니면, 중국어과라도 국문과 또는 국제학부를 기준으로 개설된 것을 들을 수 있나요?","안녕하십니까? 수업지원팀입니다.

해당 학부에서 개설된 수업은 자과학생 우선입니다.

타과학생이 수강을 희망하는 경우 해당 학부에 문의하셔야 합니다.

감사합니다."
70,수강신청,교무처 수업지원팀,개인적인 사정으로 인해 시간이 안되서 제가 다니고 있는 경영정보학과의 마케팅 수업을 못듣고 경영학과의 마케팅 수업을 들으려고 하는데 가능한가요? 그리고 교양과목인 영어읽기 쓰기도 같은 사정으로 인해 행정학과의 영어읽기 쓰기를 들으려고 하는데 가능한가요?,"안녕하십니까? 수업지원팀입니다.

전공과목은 자과학생 우선이며 타과학생은 해당 학과에서 수업관리를 합니다.

교양과목은 교양기초교육원(T 259-1934) 문의 바랍니다.

감사합니다."
71,수강신청 방법,교무처 수업지원팀,"수강신청은 언제 어떻게 하나요
또 수강신청미리담기는 어떻게하나요","안녕하세요? 수업지원팀입니다.

수강신청기간(UWINS 수강신청기간) : 2016. 2. 3(수) ~ 2. 5(금) (09:00 ~ 22:00)

수강희망과목(강좌) 미리 담아두기 경로 : UWINS → 교과과정/수업 → 수강정보 → 수강희망강좌 미리담기

감사합니다."
72,수강신청,교무처 수업지원팀,"올 2학년으로 복학하는데
2 345중에 2학년 수강신청 날짜랑 시간이 어떻게되나요?","안녕하세요? 수업지원팀 입니다.

2학년은 2.4(목) ~ 2.5(금) 9:00~22:00 입니다.

감사합니다."
73,수강신청 여부,교무처 수업지원팀,"제가 국가장학금을 신청해서 1월 25일 신청기간에는 신청을 할 수 가 없습니다.
영장은 3월에 나와서 군휴학을 그 때 하려고 하는 데, 그 전에 수강신청을 꼭 해야하나요?","안녕하십니까? 수업지원팀입니다.

수강신청을 하더라도 휴학할 경우는 수강신청내역이 삭제되므로

수강신청을 하지 않으셔도 됩니다.

감사합니다."
74,16년도 1학기 수강신청 미리담기 기간이 언제인가요??,교무처 수업지원팀,16년도 1학기 수강신청 미리담기 기간이 언제인가요??,"수업지원팀입니다. 미리담기는 2.1~2.2 (9:00~22:00) 입니다.
감사합니다."
75,수강신청,교무처 수업지원팀,수강신청기간은 정확히 언제부터인가요?? 언제부터 과목선택을 할 수 있나요?,수업지원팀입니다. 수강신청은 2016.2.3~2.5부터입니다.(※미리담기 2.1~2.2)
76,수강신청에 대해 질문드립니다.,교무처 수업지원팀,"안녕하세요. 수강신청에 대해 몇가지 문의드리려고 합니다.

1, 1학기 수강신청 기간이 2/3-2/5일까지 던데 2학년은 2/3일 몇시부터 할수 있습니까??
2, 이번학기에 재수강을 해야 하는 강의가 1학년 강의인데 1학년 강의는 수강신청 기간 끝나고 신청하는 겁니까?? 그리고 재수강신청 할 때 어떤 방법으로 해야 하는 겁니까??","수업지원팀입니다. 2학년은 2.4.(목) 09:00~22:00 입니다.
1학년 강의는 전체학년 수강신청일 2.5(금) 9:00~22:00에 가능합니다.
감사합니다."
77,수강신청기간 언제인가요?,교무처 수업지원팀,학사일정에 없습니다,"안녕하세요 수업지원팀입니다.
수강신청기간은 2월 3(수) ~ 5(금)
미리담기는 2월 1(월) ~ 2(화) 입니다.
감사합니다"
78,편입생 수강신청 질문드립니다.,교무처 수업지원팀,"현재 군휴학을 내서 내년 16년에 복학할 편입생 입니다.

1. 1월 25일부터 1월 27일까지 복학신청기간이라고 알고 있는데 그 기간안에 신분증이랑 전역예정 증명서만 울산대학교 입학처에 직접 내서 복학을 신청을 하면 되는건가요 ?

2.수강신청에 대해서 문의드립니다. 복학신청을 하고 수강신청을 하려고 하는데 학생포털에 있는 졸업여건에 보니 현재 전공계 22학점에 기타학점이 47학점해서 총 취득학점이 69학점인데 졸업학점은 전공계 72학점에 졸업학점 137학점이라고 적혀있는데 전공계 50학점을 채우고 나머지 학점을 더해서 졸업학점 137학점을 맞춰서 졸업을 할 수 있는건가요?? 아니면 전공필수나 전공선택등 상관없이 68학점만 채우면 되는건가요??

3. 학적기본조회에 보니 졸업요건에는 137학점이 졸업조건이라고 적혀있는데 공학교육에 보니
69/130 이렇게 나와있는데 69학점 취득에 130학점이 졸업학점 이렇게 나와있는데 졸업학점이
졸업요건에 나와있는 것인가요 아니면 공학교육에 나와있는게 맞는건가요?","안녕하세요

1. UWINS상에서 먼저 복학신청하시고, 복학신청서 및 전역증(또는 병적증명서, 병역사항 기재된 주민등록초본) 지참하여 학적관리팀(22-202호)으로 제출하시면 됩니다. 복학관련 상세한 안내는 UWIN 내 복학안내 설명 또는 교무처 학적관리팀 052-259-2016으로 문의하시기 바랍니다.

2. 학생의 경우 전공(전필, 전선)에서 50학점 이상 이수해야 하며, 나머지 졸업에 필요한 학점은 교양, 기초, 전공 등 영역 관계없이 이수하여 충족하면 졸업이 가능합니다.

3. 공학교육인증(ABEEK) 관련 문의는 공과대학 교학행정팀 052-259-2124로 문의하시기 바랍니다."
79,2016학년도 1학기 수강신청언제부터시작인가요?,교무처 수업지원팀,"4학년 수강신청 언제 시작인가요?
2/1~2/4 해외여행을 갑니다.","안녕하세요

2016학년도 1학기 수강신청은 2. 3(수) ~ 2. 4(금) 3일간입니다.
4학년 수강신청일은 2. 3(수) 오전 9시부터 오후 10시까지이므로 참고하시기 바랍니다."
80,2016년 1학기 수강신청,교무처 수업지원팀,"2016년 1학기 수강신청날짜 대략적으로 날짜알수있을까요?
제가 군휴학중인데 잘못하면 부대안에서 신청을 해야 될 상황이라서요","안녕하세요 수업지원팀입니다.
2016학년도 1학기 수강신청기간은
2016년 2월 3일 ~ 5일까지입니다.
기타 수강신청관련 문의사항은 259-1013으로 연락바랍니다."
81,저기 군 복학과 계절학기 수강신청에 대해서인데요 !,교무처 학적관리팀,"아 예 수고많으십니다 형
다름이아니라 이번에 전역을 하게되는데 12월달에 있는 겨울 계절학기를 듣고싶은데..
알아보니 복학은 내년 2월? 인가 그때부터 할수있다고 나와있던데 그럼 겨울 계절학기
수강신청을 할 수가 없는건가요?? 아니면 전역한다음 복학신청을 하구 계절학기 수강신청을 할수가 있는건가요..?","계절학기는 재학생 또는 휴학생 모두 수강이 가능합니다.
계절학기 수강일정을 참고하여 수강하시기 바랍니다."
82,군 휴학중인데 계절학기 수강신청할때 필요한게 있나요?,교무처 수업지원팀,"군 휴학중인데 계절학기 수강신청할때 따로 준비해야되는 서류같은게 있나요?
아니면 계절학기 신청기간에 신청만 하면되나요?","안녕하세요 수업지원팀입니다.
먼저 휴학생도 계절학기 수강신청이 가능하므로
11월초 쯤 2015학년도 겨울 계절학기 수강신청 안내가 공지되면 참고하여
수강신청기간에 수강신청하시면 됩니다.
기타문의사항은 259-2013으로 문의바랍니다.
감사합니다."
83,이번 동기 계절학기 수강신청 기간이 궁금합니다.,교무처 수업지원팀,.,"안녕하세요

2015학년도 동계계절학기 수강신청기간은 2015. 11. 16(월) ~ 11. 18(수)까지입니다.
자세한 일정 및 방법은 추후 학교홈페이지 학사공지란을 확인하여 주시기 바랍니다."
84,2학점짜리 야간수업을 신청하니 주야교차학점이 18/9가 됩니다. 수강신청에 차질이 생기나요?,교무처 수업지원팀,"강웅경 교수님의 A00957-Y1비판적사고와논증적글쓰기가 목12,13에 있어서 그 과목을 수강신청 한 것으로 신청학점20/20을 채웠습니다. 그런데 주야교차학점이 18/9가 되었는데 이러면 수강신청에 차질이 생기나요? 위 강좌 외의 야간강의는 없습니다.

1.주야교차학점이 18/9와 같이 최대치를 초과하면 수강신청에 차질이 생기나요?
2.현재는 다른 학부 소속의 같은 과목명인 강의를 수강신청했는데 다른 학부강의여도 수강되나요?
3.주간1학점이 야간9학점과 같나요?
4.처음에 신청했던 목12,13과목을 신청하고 신청학점20/20, 주야교차학점18/9가 되도 괜찮나요?

오늘 8월 12일 밤 10시 전까지 최대한 빨리 답변 부탁드립니다.","안녕하세요 수업지원팀입니다.

1. 주야교차학점은 9학점까지 신청 가능합니다.
2. 다른 학부 과목 수강신청은 되지만, 이수구분은 전선이나 전필이 아닐수도 있으므로
확인이 필요합니다.
3. 주간 1학점은 야간 1학점입니다.
4. 야간과목 신청하셔도 되므로 신청하시고 이상하게 뜬다면 신청후 수업지원팀(259-1014)로 전화주세요

즐거운 하루 되세요"
85,중점교양 수강신청은 어떻게 하나요?,교무처 수업지원팀,?,"안녕하세요

중점교양은 대체적으로 1학년 또는 2학년 학생 위주로 수강신청을 할 수 있도록 인원배정이 되어있습니다.
그러므로 1,2학년 수강신청이 완료되고 수강신청 마지막날(8/12일)에 소속 학부(과) 사무실에 문의하셔서 수강 관련 상담을 받으시기 바랍니다."
86,학년별 수강신청 일정 및 시간 좀 알 수 있을까요?,교무처 수업지원팀,"학년별 수강신청 일정 및 시간 좀 알 수 있을까요?
학사공지에 없네요..","안녕하세요 수업지원팀입니다.

일반공지 9388번에 있습니다.
http://www.ulsan.ac.kr/unews/news/notice.aspx?o=R&a_no=10821&pageNo=3

즐거운 하루 되세요"
87,수강신청할때 과목마다 학년수가 정해져있나요?,교무처 수업지원팀,"인강신청하려 하는데 4학년이 가장 먼저 수강신청하기때문에
4학년이 다 신청해서 마감되버리면
나머지 학년들은 아예 신청을 못할수도 있나요?","안녕하세요 수업지원팀입니다.

나머지 학년 학생이 신청 못하는 경우는 없으므로 걱정하지 않으셔도 됩니다.

즐거운 하루 되세요"
88,수강신청 확인원 / 재수강원 질문,교무처 수업지원팀,"이번에 1학년 2학기로 재수학복학하는 학생입니다.
제가 알기론 1학년은 수강신청확인원을 내지 않는 것으로 알고 있는데
맞는지 궁금합니다. 만약 내야된다면 수강신청확인원이나 재수강원을
어느 시기에 내야하는지 궁금합니다,","안녕하세요 수업지원팀입니다.

1. 수강신청 확인원은 학년에 관계없이 제출하셔야 합니다.

2. 기간에 대해서는 전공사무실에 문의하시기 바랍니다.

즐거운 하루 되세요"
89,1학년 학생인데 2학기 수강신청에 관련해서 질문이 있습니다.,교무처 수업지원팀,"2학기에 따로 수강신청을 해야되는건가요?
아니면 학부에서 지정해주는 건가요","안녕하세요 수업지원팀입니다.

전공별로 다를수 있으니 화학공학전공사무실(259-2247)로 문의하시기 바랍니다.

즐거운 하루 되세요"
90,2학기 수강신청 관련해서 문의 드립니다,교무처 수업지원팀,"올해 입학한 신입생인데요
수강희망강좌미리담기라는 것이 무엇을 뜻하는건가요?
미리담기 기간에 몇몇 과목을 찝어두면 그 과목을 들을 수 있는건가요?
아니면 그냥 수강신청할 후보 과목들을 선정해 쉽게 신청할수 있도록 하는건가요?","안녕하세요 수업지원팀입니다.

수강신청 미리담기는 수강신청을 위해 시스템에 접속하면
첫화면에 미리담아놓은 과목이 보여서,
수강신청을 빠르게 할 수 있도록 도움이 되는 시스템입니다.

즐거운 하루 되세요"
91,수강신청,교무처 수업지원팀,1학년2학기 수강신청날짜는언제인가요,"안녕하세요

2015. 8. 11(화) 오전 11시 ~ 오후 10시까지,
2015. 8. 12(수) 오전 9시 ~ 오후 10시까지 가능합니다."
92,2학기때 수강신청 할수있는 과목을 미리 알수 있나요?,교무처 수업지원팀,"알수있다면 어디서 확인할수 있나요?
또 수강신청 기간이 8월 10일 몇시부터 수강신청이 가능한건가요?","안녕하세요. 수업지원팀입니다.

수강신청 할수있는 과목은 '수강희망과목(강좌) 미리 담아두기' 기간 전에 UWINS에서 조회 가능합니다.
조회 가능한 날짜는 아직 미정이며, 수강신청은 학년별로 상이합니다.

[3~5학년 수강신청기간]
4/5학년 9시, 3학년 11시 ~ 22:00
[1~2학년 수강신청기간]
2학년 9시, 1학년 11시 ~ 22:00
[전체학년 수강신청기간]
9시 ~ 22:00

좋은하루 보내세요."
93,졸업유보가 되었는데 다음학기 수강신청시에,교무처 학적관리팀,"1차 졸업을 신청했으나 조건을 만족하지 못해 졸업유보라는 문자를 받았습니다.
그럼 다음학기 수강신청시에는 수강학점을 어떻게 신청해야하며 등록금은 어떻게 나오는지 궁금하여 질문드립니다.
다른 졸업조건은 다 만족했고 학점도 141학점으로 많이 초과해있는데, 굳이 다음 학기에 수업을 신청해야 하는 건가요?","학생과 같이 조기졸업 신청자가 조기졸업 요건(누계평점 4.20)을 충족하지 못해 졸업이 되지 않는 경우는,
마지막 학기인 8학기까지까지 등록금 전액을 납부하여야 하며, 최소 12학점(단, 최종학년은 9학점) 이상 수강하여야 합니다.(아래 규정 참조)

수강신청에 관한 자세한 사항은 수업지원팀(T. 259-1013)으로 문의하시기 바랍니다.

※ 학사운영규정 제16조(등록금)
③ 조기졸업 신청자로서 졸업자격에 미달된 자는 정규학기까지 정상 등록하여야 한다."
94,재수강신청을 하려면..,교무처 수업지원팀,"재수강신청서가 필요하다고 들어서요...
재수강 신청서를 작성해야 하나요?
어디서 신청서를 받고 어디다 제출해야 하나요?
답변 부탁드립니다.","안녕하세요. 수업지원팀입니다.

재수강원은 수강신청기간에 UWINs>교과과정·수업>수강정보에서 출력가능합니다.
본인 사인을 한뒤, 학과사무실로 제출하면 됩니다.

좋은하루 보내세요."
95,2학기 2학년의 수강신청일은 몇일인가요?,교무처 수업지원팀,.,"안녕하세요

2015학년도 2학기 수강신청기간은 2015. 8. 10~12일(3일간)이며,
2학년은 8월 11일(오전 9시~오후 10시까지)과 8월 12일 (오전 9시~오후10시)까지 UWINS를 통하여 수강신청 할 수 있습니다."
96,수강신청 기간에 수강신청을 못할거 같은데요,교무처 수업지원팀,"2학기 군복학 예정자입니다. 수강신청기간에도 군 복무중이라 수강신청을 못할거 같은데요. 수강신청 정정 기간에 신청할수 있나요?? 가능하다면, 일정을 확인해 보니까 개강이후에 정정기간이 있던데 실제 수업은 정정기간 이후에 있는 건가요??","안녕하세요

수강신청 확인 및 정정기간에도 수강신청이 가능합니다.
2015학년도 2학기 수강신청확인 및 정정기간은 9.3(수) ~ 9.7(월)까지이며, 9. 1(화) 개강 후 부터 모든 강의는 정상적으로 진행됩니다."
97,해외 거주중 수강신청에 관한 문의 입니다.,교무처 수업지원팀,"안녕하세요!

저는 기계공학부 3학년 1학기 까지 완료한 뒤, 현재 해외에 있는 학생입니다.


3학년 2학기 교과과정을 수강한 경험이 있어 궁금한 사항이 있습니다.
( 작년 3학년 2학기 수강중, 질병으로 인하여 휴학 )


캡스톤 디자인 강의를 듣기 위해서 사전에 교수님 연구실에 방문한뒤,
사인을 받았던 걸로 기억이 나는데 해외에 있어서 그렇게 할 수가 없습니다.


수강신청을 할 때 유윈스 사이트에서 신청하는 것 외에 부수적인 절차 ( 오프라인상 방문등 )
이 필요한 강의는 어떤것이 있으며, 이들을 수강신청 하기 위해서
어떻게 하면 좋을지 알려주시면 감사하겠습니다!


질문이 조금 복잡해 졌는데 아래에 요약해 드리겠습니다.

1. 캡스톤 1 강의 신청 방법
2. 기타 오프라인 상에 서류제출이나 면담이 필요한 과목의 리스트

좋은 하루 되세요!","안녕하세요 수업지원팀입니다.

기계자동차전공에서 개별적으로 운영하는 오프라인상 교수면담은
수업지원팀에서는 확인 할 수 없습니다.

따라서 기계자동차공학전공 사무실로 연락하셔야 합니다.

일반과목은 UWINS에 수강신청만 하시면 됩니다.

즐거운 하루 되세요"
98,현장실습관련 수강신청,산학협력선도대학육성사업단,"제대로알고계시고 말해주시는분이없어서
전화로는 해결방법이 없어서 글씁니다
제가 이번에 현장실습에선발되어서 1달하면 2학점을 취득하게 되는데요.
2학점은 전공선택으로 9월쯤 받는다고 들었습니다
문제는 제가 2점을남겨두고 자동졸업유보로 휴학상태인데요
현장실습2점은 다음2학기에 수강신청을해서 등록금 일부를 납부해야하는건가요?
이게 의무인건지궁금합니다. 제가등록을안하고 휴학상태로 2학기에 토익특별학점으로
2월 졸업도가능할거같아서요.링크사업단쪽은 전화를 안받으셔서 글이라도 남겼어요
그쪽에서도 유보자의 수강여부에대해선잘모르시는거같습니다","현장실습 수강신청 관련하여 오리엔테이션 때 설명 드렸습니다.

별도로 등록금을 납부 할 필요는 없습니다.

자세한 사항은 259-1056으로 문의주세요 ~"
99,수강신청 확인서,교무처 수업지원팀,제가 수강신청확인서 내는거 깜빡하고 제출하지 못했습니다 제출안하면 어떻게 되는건가요?? 지금 제출해도 되는건가요??,"안녕하세요. 수업지원팀입니다.

수강신청확인서를 아직 미제출한 경우, 화학과 사무실(052-259-2334)로 문의해보시기 바랍니다.

감사합니다."
100,동일학부 타학과 전필 수업 수강신청시,교무처 수업지원팀,"전공 학점으로 인정이 되나요?

예를들어 사회과학부 법학과 학생이 사회과학부 경찰학과 전필 수업을 수강신청했을경우.","안녕하세요. 수업지원팀입니다.

사회과학부 법학과 학생이 사회과학부 경찰학과 전필 수업을 수강신청했을경우 전필로 인정되지 않습니다. 단일전공자일 경우에만, 전선으로 인정됩니다.
※ 주의: 연계전공이나 복수전공자는 전공선택 인정 불가 - 일반선택으로 인정됨

좋은 하루 보내세요. 감사합니다."
101,마지막학기 수강신청,교무처 수업지원팀,"마지막학기 수강신청 기준학점이 9학점인 것으로 알고 있는데 , 9학점을 다 신청 안해도 되는 것인지 궁금합니다, 그런데 Q&A에서 9학점이 기준이라는 답변과 9학점 다 신청안해도 된다는 답변 두개가 있어서요 9학점 다 신청 안해도 수강신청되는 건가요?? 유보를 생각하고 9학점 미만으로는 수강신청이 되지 않는 건가요???","안녕하세요 수업지원팀입니다.

학사운영규정에 수강신청학점과 관련된 부분을 알려드립니다.

제39조 (수강학점)
① 학생은 매학기 17학점 기준으로 수강신청하되 최소 12학점(최종학년은 9학점)이상,
최대 19학점((간호학과는 21학점, 의예과 및 의학과는 24학점)까지 수강할 수 있다.

이 부분을 보시면 답변이 될 듯 합니다.

더 궁금한 내용이 있으면 수업지원팀(1013)으로 문의해 주시기 바랍니다.

추운데 감기 조심하세요^^"
102,복수전공 수강신청,교무처 수업지원팀,"이번에 4학년1학기 인데 복수전공 전공강의 중 2~3학년 강의를 수강하려고 했습니다.
4학년이라 그런지 복수전공도 4학년 강의만 열리는데 2~3학년 강의를 수강하려면
재수강 신청과 같은 방법으로 수강정정기간에 신청해야하나요?","안녕하세요 수업지원팀입니다.

재수강과 같은 방법으로 신청하시면 됩니다.

새해 복 많이 받으세요"
103,수강신청,교무처 수업지원팀,"타 단과대학 기필 전필 전선 과목을 이수할 수 있나요?
(ex) 공대생이 경영대 과목 이수가능 여부)","안녕하세요

수강신청이 가능한 경우 이수는 가능하나, 해당 이수구분(기필, 전필, 전선)으로 인정되는 것이 아니라
일선(일반선택)으로 인정(전체 수강학점에만 포함)되므로, 졸업요건에 필요한 영역별 학점을 이수하려는 목적이라면 수강신청하시면 안됩니다.
영역별 이수구분 인정여부와 관계없이 개인적으로 공부하고 싶으신 경우라면 수강신청하셔도 무관합니다."
104,수강신청,교무처 수업지원팀,"안녕하세요.

저는 국문학과를 다니다가 자퇴하고
경영학과(야)로 재입학을 했습니다.

유윈아이디는 계속 똑같은 걸로 쓰면 되는지
수강신청은 어떻게 되는지
문의드립니다.

수고하세요.","안녕하세요 수업지원팀입니다.

재입학이 승인이 됐는지 여부를 학적관리팀
259-2016으로 확인후 수강신청 바랍니다.

즐거운 하루 되세요"
105,군입대 휴학일때 수강신청해야하나요 ??,교무처 학적관리팀,"아직 영장이 안나와서 휴학신청이 완료되지않았지만

의무경찰이라 입대날짜는 확실하게 나와있는데

그래도 수강신청을 해야하나요 ??","이번학기에 휴학 예정이라면 수강신청 할 필요는 없습니다.
일반휴학 후 입영통지서 받으면 군입대휴학 하시기바랍니다."
106,수강신청에 대해서 질문드립니다.,교무처 수업지원팀,"현재 1학년 수업은 신청을 하지 못하는걸로 알고 있습니다.

1학년 수업을 수강신청하려면 학년 전체가 수강신청하는 날 신청할수 있는건가요?","안녕하세요

1학년 대상 개설강좌는 신입생 수강신청(2/27일)이 끝난 후 수강신청 확인 및 정정기간(3/3 ~ 3/6)에 신청가능합니다.
소속 학과사무실에 문의하여 여석 유무 여부를 확인하시기 바랍니다."
107,해외인턴 중 수강신청,교무처 수업지원팀,"안녕하세요.

해외인턴 관련해서 질문이 있어서 글 남깁니다.

해외인턴을 1년 나갈 계획인데, 혹시 이렇게 되면 장기산업체인턴쉽 학생들처럼 인터넷 강의를 추가로 신청할 수 있나요?

토익토플 특별학점도 신청가능한가요?

감사합니다.","안녕하세요 수업지원팀입니다.

해외 교환학생, 해외 인턴십 참가 학생은
본교 수강신청이 불가능 합니다.

답변이 되셨죠?

즐거운 하루 되세요"
108,수강신청관련 질문입니다,교무처 수업지원팀,"제가 중점교양과목을 신청하려고하는데
저희과에서는 1개의 강좌만 열려있어서 찾아보니
다른 학과에 개설된강좌가 많더라구요
그래서 신청하려고하는데 1학년수업이라 막힌다는 둥 그 학부에 전화해서 열어달라 해야한다라는 둥 혼란스러운데요.
타 과의 중점교양강의(1학년강의)는 제가 수강신청을 하지못하는건가 궁금합니다.
(과목코드는 분반구분제외하고같습니다~!)","안녕하세요

중점교양 과목 중, 특정전공에 개설된 강좌는 타 학과 학생들에게 수강여석을 제공하지 않는 것이 대부분입니다.
만약 타 전공에 개설된 분반에서 타 학과 학생들에게 수강여석을 일부 제공해놓았다면 수강신청을 할 수 있겠지만,
대부분 해당 학부(과)학생들에게만 수강여석을 제공하여 수강신청 기간에는 수강신청이 어려우므로, 가급적 소속 전공에서 개설한 중점교양 또는 대학(공통)으로 개설된 중점교양을 수강하시기 바랍니다."
109,선복학 수강신청,교무처 수업지원팀,"선복학으로 1학기를 쉬고 14년에 3학년 2학기를 했는데 이번 15년도에 3학년 1학기를 듣고싶습니다.
근데 학적 상으로는 4학년으로 표기 되어 있는데, 수강신청시 3학년 수강신청시 수강신청을 할 수 없는것 아닙니까?
저번에 선복학신청 하지 않고 일반복학신청을 했을때 2학년으로 표기되어 3학년 수업을 듣지 못할 뻔 했는데.. 이번에도 이러는것 아닌지 걱정됩니다. 15년 수강신청까지, 답변 부탁드립니다.","수업지원팀입니다.

학생이 알고 있는대로 선복학을 하면 그런 경우가 생깁니다.
학생의 경우 4학년이므로, 4학년 수강신청기간에 수강신청이 가능하며,
3학년 과목의 수강신청의 경우 전공사무실(259-2255)과 상담하시기 바랍니다.

즐거운 하루 되세요"
110,2015년 1학기 수강신청이 언제인가요,교무처 수업지원팀,알려주시기 바랍니다,"안녕하세요 수업지원팀입니다.

학사 공지에 있는 ""2015-1학기 수강신청 안내"" 글을 확인해 보시기 바랍니다.

즐거운 하루 되세요"
111,타전공 및 재수강 수강신청 관련,교무처 수업지원팀,"이제 2학년올라가는 학생입니다 타전공 수강신청시에 전체수강신청기간에 해야하는건지
아니면 학년 수강신청기간에 해도되는지 알려주세요 그리고 혹시 타전공과목을 수강하려면 따로 허락이 필요한가요??
혹시 전공학생들이 다 신청하고 난 뒤에 해야하거나 그런게 있는지 알려주세요
그리고 1학년수업을 재수강 할 계획인데 이것도 1학년학생들이 모두 신청하고 전체학년에 해야하는지
아니면 제학년 수강신청기간에 해도되는지 궁금합니다","안녕하세요 수업지원팀입니다.

타 전공과목 수강신청 문제는
전공마다 기준이 다르므로 해당 전공사무실에 문의해 보시기 바랍니다.

즐거운 하루 되세요"
112,1학기 수강신청에대해서,교무처 수업지원팀,수강신청은 2월 9일부터인 거는 아는데 수강신청 미리담기 기간은 언제인가요???,"안녕하세요 수업지원팀입니다.

수강신청 미리담기기간은 2015. 2. 4(수) ~ 2015. 2. 6(금) 예정입니다.

참고로 수강신청은

4/5학년 : 2015 2. 9(월) 09:00 ~ 22:00
3학년 : 2015 2. 9(월) 11:00 ~ 22:00
2학년 : 2015 2. 10(화) 09:00 ~ 22:00
1학년 : 2015 2. 10(화) 11:00 ~ 22:00
전체학년 : 2015. 2. 11(수) 09:00 ~ 22:00

입니다.

즐거운 하루 되세요^^"
113,2015년 1학기 수강신청에 관한 문의,교무처 수업지원팀,"안녕하세요.

2015년에 4학년이 되는 학생입니다.

학년은 4학년이지만 2010년에 전과를 해서 아직 제대로 수강하지 못한 2학년 전공 과목을

수강하여야 하는 상태인데요 ~

학년마다 수강신청 날짜가 다른 것으로 알고 있는데 2학년 과목을 4학년 수강신청 날짜에

신청하면 되는건가요 ?

어떻게 하면 되는지 설명 부탁드립니다.","안녕하세요 수업지원팀입니다.

전공에서는 해당학년 수강신청을 우선시 하고 있으므로
해당학년이 수강신청을 다 하고 난뒤인
전체학년 수강신청기간에 수강신청을 하셔야 하며, 자세한내용은 해당 전공사무실로 문의바랍니다.

즐거운 하루 되세요^^"
114,상위 학년 수업 수강신청.,교무처 수업지원팀,예를들어 2학년의 법학부 학생이 자과 3학년 과목인 수업을 수강 신청 하는 것이 가능한가요?,"안녕하세요 수업지원팀입니다.

결론부터 말씀드리면 가능합니다.

단, 타 학년 수업을 듣기 위해서는 학생이 재학중인 학년의 수강신청일이나,
해당과목 학년의 수강신청일에 수강신청 할 수 없고,
전체학년 수강신청일에 수강신청이 가능하며, 전공주임의 허락이 필요합니다.

따라서 수강신청기간이 다가오면 해당전공 사무실에 문의를 하시고
수강지도를 받으시기 바랍니다.

즐거운 하루 되세요^^"
115,수강신청 관련,교무처 수업지원팀,"수강을 잘못신청하여 타대학 수업을 신청하게 되었었는데 들어도 괜찮은건가요
학점취소는 폐강과목,전과, 4학년인경우 외에는 따로 수강철회 할수있는 방법이 없을까요ㅠㅠ","안녕하세요 수업지원팀입니다.

어떤과목인지 구체적으로 말씀을 해주셔야 상담이 될것 같네요

학과사무실에 먼저 문의해 주세요

즐거운 하루 보내세요"
116,교양 다른과 전공 수강신청,교무처 수업지원팀,생활한문 중점영역 수강하려고 하는데 소속이 1학년화학전공인데 2학년 다른과여도 중점교양으로 수강가능한가요?,"안녕하세요 수업지원팀입니다.

과목코드, 과목명이 똑같다면 수강가능합니다.

즐거운 하루 되세요"
117,계절학기 수강신청,교무처 수업지원팀,"안녕하세요~^^
요번 겨울에 계절학기를 신청할건데
들으려는 전공 수업이 경영학과와 회계학과에
개설된 재무회계라는 수업인데요
제가 듣고자하는 수업이 계절학기때 경영학과 에서
개설되지않고 회계학과에만 개설된다면
경영학과 학생인 저는 이 전공수업을 수강신청 할 수 없나요? 아니면
같은 단대이기때문에 회계학과 과목을 수강 할 수 있나요?","안녕하세요.
재무회계는 경영대학의 전공공통과목으로 경영학전공, 회계학 전공 과목코드가 동일합니다.
회계학과에 개설된 과목을 이수하여도 전공으로 인정이 됩니다.
참고하세요."
118,4학년 수강신청이요,교무처 수업지원팀,"4학년인데 전공을 몇개 더 들어야하는데요
제 전공은 다 신청했습니다.
혹시 4학년이면 다른과 전공을 신청해도 전공학점에 포함되나요?","안녕하세요 수업지원팀입니다.

기본적으로 학생의 경우 생명과학부내의
의생명과학전공과목은 전공선택으로 인정이 됩니다.

그 이외의 전공의 전공수업은 일반선택으로 거의 된다고 보시면 됩니다.

워낙 다양한 경우의 수가 있기 때문에
자세한 내용은 구체적인 과목명과 코드명, 개설되는 학과를 같이 말씀해 주시면
말씀드릴게요

즐거운 하루 되세요"
119,이번 수강신청은 왜이러나요?,교무처 수업지원팀,"정정기간이 예전 처럼 되있어야 어떤 수업이 열려 있는지 알테고 신청을 할건데 월,화요일에 첫 수업이 시작되는 교양 같은 경우에는 선택하기가 너무 어렵지 않나요?
강의계획서에 학생들이 원하는 모든 정보가 들어 있지도 않고 한계가 있는데 학생들에게 너무 불편하네요.","안녕하세요 수업지원팀입니다.

강의계획서의 경우에는 수업지원팀에서 강의하시는 교수님께 지속적으로 입력안내를 드리고 있습니다.
그럼에도 불구하고 입력이 미비한 부분에 대해서는 해당과목 교수님 또는 학과사무실로 문의를 부탁드리겠습니다.

그리고 수강정정의 경우에는 한번의 수업은 들어보고
수강신청을 결정하라는 의미에서 수~금까지 3일의 기간을 두었으며
추후 월~금 까지 변경은 검토해보도록 하겠습니다.

즐거운 하루 되세요"
120,수강신청 관련 문의,교무처 수업지원팀,"수강정보 > 수강신청 메뉴가 사라졌는데
정정기간이 아니라 사라진건가요?","수업지원팀입니다.

수강정정기간이 되면 메뉴가 다시 보입니다.

즐거운 하루 되세요"
121,다른학년 과목 수강신청 문의,교무처 수업지원팀,"안녕하세요~ 경영학과 3학년 재학중인데요~

4학년 전필 수업을 하나 듣고싶은데 수강신청때는 막혀있더라구요~

정정기간에는 신청이 되나요?

아니면 3학년은 4학년 수업 못듣는건가요?

아니면 교수님한테 문의 후 학과사무실을 통해 신청할수 있나요?

꼭 이번에 듣고 싶은 과목이라서요~","안녕하세요 수업지원팀입니다.

전공과목수강문의는 전공사무실에 문의하시기 바랍니다.

즐거운 하루 되세요^^"
122,수강신청 건의사항입니다,교무처 수업지원팀,"안녕하세요

수강신청이 끝난 후로도 강의계획서를 볼 수 없는 과목이 너무 많습니다
계획서 자체가 없을리는 만무하고 업데이트에 오류가 있거나 밀린거 같은데

또한 과목당 수강인원이 몇 명인지 표시가 되었으면 좋겠습니다

전화하면 직원분들께서 알려주시긴 하는데 수강신청하는데 있어 제한이 큽니다...","안녕하세요 수업지원팀입니다.

강의계획서는 수업을 담당하는 교수가 업로드 합니다.
이에 수업지원팀에서는 지속적으로 업로드 요청을 하고 있습니다.

그리고 과목당 수강인원은 학년별, 전공별 다양한 조건이 있어
당장은 표시하기 힘듭니다.

따라서 현재처럼 수강마감이 되어 있는 과목은 인원이 다 찼다고
보시면 됩니다.

좋은 의견 감사드리며, 앞으로도 좋은 의견 주시기 바랍니다.

즐거운 하루 되세요"
123,2학기 수강신청,교무처 수업지원팀,2014년 2학기에 군휴학 예정자입니다. 2학기 수강신청을 하지 못하였는데 어떻게 하면 되나요?,"안녕하세요 수업지원팀입니다.

9. 3(수) ~ 9. 5(금)까지 수강정정기간을 이용하시면 됩니다.

즐거운 하루 되세요^^"
124,타학년 수강신청에 관하여,교무처 수업지원팀,"제가 전공이 모자라서 2,3학년 전공 과목을 들어야 하는데 하나도 열린것이 전체 수강신청 기간인데도 불구하고 없네요.

오늘 교수님 찾아가서 면담을 한뒤 신청한다면 오늘 가능한건가요?

아니면 오늘 교수님 찾아가서 확인을 받은뒤에 9월에 신청해야하는 것인가요?","안녕하세요 수업지원팀입니다.

전공과목의경우 전공사무실에 문의하시기 바랍니다.

IT융합전공 사무실은 259-2214 입니다.

즐거운 하루 되세요"
125,수강신청에 관해,교무처 수업지원팀,"미적분학2가 기초필수인데 수강신청을 하려니 이미 마감된후입니다.
이럴경우엔 교수님을 찾아뵈서 수강을 허락받는 방법외엔 없는건가요??","안녕하세요 수업지원팀입니다.

기초과목의경우 학과사무실로 우선 문의해 보세요

즐거운 하루 되세요^^"
126,수강신청이요,교무처 수업지원팀,"전공이아닌 기필이 인원초과가 되서 마감이 되었는데요, 혹시 이 과목을 교수님께 말씀드려서 허락맡으면 그 과목을 들을수 있나요?","안녕하세요 수업지원팀입니다.

경영정보학전공이면
통계학, 경제학원론, 비즈니스영어준에 한과목인거 같네요

그 과목들은 해당 전공사무실에서 상담하시기 바랍니다.

즐거운 하루 되세요"
127,수강신청 관련 질문입니다.,교무처 수업지원팀,"제가 타과 과목을 수강하려고 합니다.
그 과목을 수강하면 이 과목은 전선으로 입력되는건가요?","안녕하세요 수업지원팀입니다.

각 과목마다 조건이 다르니 학과사무실에 문의바랍니다.

즐거운 하루 되세요^^"
128,수강신청 날짜 문의,교무처 수업지원팀,"예전에 질문했을때 2014년 2학기 4학년 수강신청날짜를 8월8일로 말씀해주셨는데
왜 11일로 변경된건가요?
8일에 수강신청이라고 하셔서 개인 어학연수 비행기 표를 11일 아침 비행기로 예약을 했습니다.
수강신청 날짜가 11일로 확정된건가요","안녕하세요 수업지원팀입니다.

4학년의 수강신청일은 공지에서 보는바와 같이 11일 오전 9:00 부터 입니다.

양해 부탁드립니다.

감사합니다."
129,계절학기 수강신청 과목,교무처 수업지원팀,계절학기 수강신청 정정기간을 놓쳐서 삭제시키려했던 과목을 삭제를 못시켰는데 어떡하죠...?,"안녕하세요.
계절학기 등록기간에 등록을 하지 않으면 수강내역은 삭제처리가 됩니다.
다음부터는 다른 학생이 수강가능토록 반드시 기간내 삭제바랍니다."
130,수강신청 전에 일반휴학했었는데,교무처 학적관리팀,"갑자기 학점취소제도가 사라지네요;;
4학년인데 .. 지금 복학신청해서 학점취소하고 휴학 할 수있나요?등록금 다 반환되는지?
등록금은 납부해놓은 상태입니다.","안녕하세요, 학적관리팀입니다.

자세한 문의는 259-2017로 부탁드립니다. 감사합니다."
131,수강신청과목이 폐강될경우,교무처 수업지원팀,"교양 과목이 폐강됐는데 다른 교양으로 신청 가능한가요?
어떻게해야되죠?","안녕하세요.
신청한 과목이 폐강되어 추가신청할 경우 소속학부(과) 사무실에 문의하면 됩니다.
개인적인 사유로 인한 수강신청삭제, 추가는 불가합니다.
참고하세요"
132,수강신청한게 폐강됐어요..ㅜㅜ,교무처 수업지원팀,"수강신청을 17학점 했는데 방금확인해보니 14학점이었습니다.
폐강 됐더라구요...
수강정정일 마지막날 수업까지 하셨는데요ㅜㅠ
금요일 오후 수업인데도 교수님께서 폐강하신다는 말씀도 없으셨습니다.

전공수업인데다가,
4학년이라 다음학기에 들어야 할것까지 맞춰서 수강신청했었거든요..
수강정정일 끝났는데 다른과목을 넣을수는 없을까요??ㅠㅠ","안녕하세요 수업지원팀입니다

폐강과목 관련해서 조치사항은 학과사무실에 문의해 보세요

글로벌경영학전공 사무실번호는 259-2912입니다.

좋은 하루 보내세요"
133,수강신청 확인원 제출 관련 질문,교무처 수업지원팀,"공과대학생은 올해부터 수강신청확인원을 학과 사무실로 제출할 필요없이
어플사거리에서 각 과목별 담당 교수님의 승인 알림이 올때까지 기다리기만 하면 되나요?","안녕하세요.
예. 맞아요. 2014학년도 부터 공과대학은 수강신청확인원을 제출할 필요가 없습니다."
134,2학기 수강신청 날짜,교무처 수업지원팀,"개인 해외어학연수 입국날짜와 맞물릴수도 있기 때문에 문의드립니다.
2014년 2학기 4학년 수강신청 예정 날짜를 지금 알 수 있나요?","안녕하세요

2014학년도 2학기 4학년 수강신청 일자는 8월 8일(금)입니다."
135,수강신청질문,교무처 수업지원팀,"수강신청기간에 기초역학을 마감으로 인해 신청하지 못했는데 수강정정기간 추가 신청을 못하면 못듣게 되는 건가요?
그리고 영어읽기쓰기를 대학공통이 마감되어 타전공 수업을 신청했는데 상관없나요?","안녕하세요.
수강신청이 되지 않으면 수강이 불가합니다.
전공과, 기초과목의 수강상담은 소속학부(과) 사무실에 하면 됩니다.
교양과목은 타 학과에 과목이 신청이 되었다면 수강이 가능합니다."
136,그린카 구조이해 및 실습 수강신청..,공과대학 기계공학부 기계자동차공학전공,"제가 2학년 복학자라 그린카 구조이해 및 실습을 수강신청해야하는데 2개다 마감이네요

여석을 더 열어주실수 없나요??","안녕하세요~ 기계공학부 사무실입니다.

그린카 구조이해 및 실습 과목의 경우 현대차로 가서 직접 수업을 하는 과목이라 2학년 타 전공과목들처럼 많은 인원수(50~60명)를

열 수 있는 과목이 아닙니다. 2학년 학생들 교과목이라 2학년들한테 최대한 열어놓은 상태였는데 현재 인원이 마감된 상태입니다.

그러므로 더 이상 추가 여석을 여는 것은 불가할 것 같습니다. 감사합니다."
137,수강신청후 지도교수 승인 문의,정보통신처 정보화개발팀,"전기전자학생입니다. 공과대학 새로 바뀐 수강지도 안내란을 보니까 지도교수님의 승인이 있어야 한다더군요.

근데 제가 2011.12.05 에 전기공학부에서 학과 나뉘기 전에 입대를 해서인지 지도교수님 배정이 안되있습니다 .

저번에 복수전공 신청할때도 이것때문에 전기공학부 학과사무실에 갔더니 그때는 주임지도교수님찾아가서 복수전공 신청서 승낙을 받았었습니다.

이번에 수강신청후에는 어떻게 되는거죠? 3.1일 이전에 지도교수님 배정이 되는건가요?","2014년 1학기 부터 공과대학, 건축대학 학생은 수강지도를 받아야 됩니다.

정규 수강신청 후 정정기간에 해당 지도교수님께서 지도학생들의 수강신청 내용을 확인하고

수강지도를 하게 됩니다.

수강지도가 완료되면 수강변경(추가,삭제)이 되지 않습니다.

아직 지도교수가 배정되지 않았을 경우 주전공의 학과사무실에 문의하셔서 지도교수를 배정해 달라고 요청하시면 됩니다."
138,수강신청 관련 문의,정보통신처 정보화개발팀,"경영학과 야간 학생입니다.

좀전에 수강신청을 했는데요

수업계획서에 나와있는 전공 과목들 신청누르면

주야교차학점 9학점이 초과되었다고 신청이 몇과목 밖에 되지를 않아서

수강신청을 완료하지 못했습니다.

오류인것 같은데 해결좀 부탁드릴께요!",해당 오류는 처리되었습니다.
139,수강신청관련 질문드려요,정보통신처 정보화개발팀,"이번학기 4학년인데요

3학년 과목 전공 들으려고하는데

마감이 되있더라구요

3학년 과목 신청할때 같이 하는건가요 아님

전체 학년 할때 하는건가요","안녕하세요..

귀하께서 문의하신 질문은 해당 과목에 학년별 수강인원이 배정되었는지 먼저 확인하시기 바랍니다.

수강신청시 ""마감""으로 나올 경우는 배정된 인원이 마감되었거나, 처음부터 해당 학년에 인원을 배정하지 않았을 경우에 나타납니다.

개설된 학부(과) 사무실로 문의하시기 바랍니다."
140,복수전공 수강신청,정보통신처 정보화개발팀,"복수전공 수강신청시에 일반 수강신청과 같은 과정으로 진행되나요?
현재 학적이 3학년일 경우 3학년 수강신청 당일 1전공과 같은 날 같은 방법으로
복수 전공 수강 신청을 하면 되는지 궁금합니다","수강신청은 현재 학생의 학년 기준으로 수강신청이 진행됩니다.

복수전공과 무관하며, 복수전공에서 개설한 과목에 해당 학년의 인원이 배정되어 있을 경우 수강신청을 하실수 있습니다."
141,생활한문 수강신청하려고합니다.,교양기초교육원,"제가 회계학과인데요 중점교양으로 영어읽기쓰기 대신에 생활한문을 들으려고하는데 들어도 괜찮겠죠??
중점교양으로 인정이되죠???
회계학과에는 생활한문과목이 없어서 타과 생활한문들으려는데... 수강신청할때 해도대겠죠??","안녕하세요. 울산대학교 교양기초교육원입니다.

2013학번의 경우, 영어읽기쓰기를 이수하지 않더라도 생활한문으로 중점교양을 취득할 수 있습니다.
타과 생활한문을 수강신청 할 수 있다면 중점교양으로 인정됩니다.

즐거운 하루 되세요."
142,수강신청,교무처 수업지원팀,"대학 공통교양이나 인강 같은 경우는 학년별로 배정을 해놓고 있잖아요 ~ 그런데
1학년까지 수강신청을 다 하고 난 다음날 부터는 그 학년별이 없어지는 건가요?
그러니까 예를들어서 1학년이 강의 취소를 했을 경우에 그 빈 여석이 2,3,4학년한테 다 뜨는 건가요 아니면 여전히 1학년에게만 강의 신청이 뜨는건가요? 알려주세요!!","안녕하세요

학년별 제한은 보통 수강신청 마지막 날에 해제됩니다.
(이번 학기의 경우 2월 14일 전체 수강신청일)"
143,수강신청 학점이 0학점이면 등록금얼마인가요,총무처 회계팀,수강신청 학점이 0학점이면 등록금얼마인가요,졸업유보자(수업연한초과자)일 경우 '0'원 등록대상입니다..
144,인턴 기간 중 수강신청에 대해 질문 드립니다.,교무처 수업지원팀,"2014년 1월부터 장기산업체인턴수행중인 학생입니다.
직전학기 4.2학점이 넘게 되면 22학점까지 들을 수 있는 걸로 알고 있는데, 현재 인턴 수행중이면 22학점에서 인턴수행학점 14학점을 뺀 8학점 까지 수강이 가능한건지 궁금해서 문의드립니다.","안녕하세요.
장기산업체인턴십을 하는 학생은 사이버강의와 야간강좌만 수강이 가능합니다.
주간에 개설된 강좌는 수강이 불가합니다.
직전학기 성적이 4.20 이상인 경우 22학점까지 수강이 가능합니다. 참고하세요."
145,전과하면 수강신청은 어떻게하나요?,교무처 수업지원팀,"제가 이번에 회계학과로 전과를 하는데요
2학년으로 가는데 .... 1학년 전공을 수강해야 2학년 전공 수업을 들을 수가 있다고 하더라고요
수강신청기간에 1학년 전공 과목 수강 신청할 수있죠?..ㅜㅜ
다른 나머지 교양 과목들도 들어야대는 건가요? 전공만들을 수있나요?


그리고 제가 건축학부에서 회계로가는거라 1학년떄 받은 학점은 졸업할때 인정이 되나요?","안녕하세요.
1. 학생의 수강신청 메뉴 오픈은 2학년 수강신청날 입니다.
1학년 과목을 수강하고자 할경우 2학년 신청날에 신청여석이 있을경우 신청이 가능하며,
만약 신청이 안될 경우 전체학년 수강신청날인 2월 14일(금)에 신청하여야 합니다.
2. 교양과 전공중 수강신청 선택은 본인이 하여야 합니다.
본인의 졸업요건을 확인하여 수강계획을 잡으세요.
3. 건축학부에서 이수한 기초과목과 전공과목은 이수구분이 ""일반선택""으로 변경이 됩니다.
졸업학점 130학점에 포함이 되며, 기타학점으로 분류가 됩니다.
본인의 졸업요건을 한번 살펴보길 바랍니다."
146,2014년도 2학년 수강신청일은 정확히 언제인가요???,교무처 수업지원팀,2014년도 2학년 수강신청일은 정확히 언제인가요???,"안녕하세요

2014-1학기 수강신청 기간은 2014. 2. 10(월)~2. 14(금)까지이며, 2학년은 12일(수)입니다."
147,2014년도 수강신청 미리담기 언제부터인가요???,교무처 수업지원팀,2014년도 수강신청 미리담기 언제부터인가요???,"안녕하세요

2014. 2. 6(목) ~ 2. 9(일)까지입니다."
148,휴학과 수강신청,교무처 수업지원팀,"만일 수강신청을 하고 난뒤 휴강을 하면 내년에 그 수업을 똑같이 듣는 것인가요?
아니면 다시 수강신청을 해야하나요?

또한 4주선이라고 적혀있는 날이 개강을 하고 난 뒤 4주선을 말하는 것인가요?","안녕하세요.
휴학하고자 할 경우 수강신청을 할 필요는 없습니다.
만약 휴학이 확정이지 않아 수강신청을 한 경우 휴학후 수강신청내역은 삭제가 됩니다.
학기개시후 4주선이라 함은 개강일로부터 4주후 2014년 3월28일(금)까지를 말합니다."
149,수업연한초과자 수강신청기간이요,교무처 수업지원팀,"수업연한초과자 수강신청은 정정기간이후에 이루어지나요?
등록도 정정기간후에 고지서출력해서 납부하면되는건가요","안녕하세요.
수업연한초과자의 경우 4학년 수강신청일에 수강신청이 가능합니다.
등록은 수업연한초과자 등록기간이 따로 있습니다.
2월이후 홈페이지 공지사항에 등록기간 확인바랍니다."
150,계절학기 수강신청 확인원,교무처 수업지원팀,"수강신청확인원 언제까지내야하나요??ㅠ
재수강원 내는기간은 나와있는데...","안녕하세요.
계절학기는 ""수강신청확인원"" 제출하지 않습니다."
151,계절학기 수강신청 취소,교무처 수업지원팀,"계절학기 수강신청을 취소해야하는데 깜빡하고 기간을 놓쳤습니다

어떻게 해야 하죠???","안녕하세요.
계절학기는 수강료 납부를 하지 않으면 수강은 자동취소가 됩니다."
152,계절학기 수강신청에 대해 문의 드립니다,교무처 수업지원팀,"안녕하세요 계절학기 수강신청에 대해서 문의드립니다.
계절학기 수강신청기간에 수강신청을 못해서 그러는데 계절학기 수강신청 정정기강에도 새로이 신청이 가능할런지요??","안녕하세요.
수강신청확인및정정기간에 신청이 가능합니다.
수강신청확인및정정기간은 11월 28일(목) ~ 29(금)까지 입니다.
단, 수강여석이 있는경우 신청이 가능합니다. 참고하세요."
153,계절학기 수강신청확인원,교무처 수업지원팀,"계절학기도 교수님사인받아 수강신청확인원 제출해야 하나요?

외지에 있어서 울산가기 힘듭니다.","안녕하세요

계절학기 수강신청확인원은 제출하실 필요 없습니다.
단, 재수강을 하는 과목일 경우는 본인 소속 전공 학과사무실에 수강신청(재이수)확인원을 제출하셔야 합니다."
154,2014년 1학기 수강신청 관련문의 입니다.,교무처 수업지원팀,"전기전자공학부 학생입니다.

제가 2011년도 들은 창의적공학설계 과목이 폐지되어 공학입문설계과목으로 재수강을 하려고 하는데

현재 얼마전 군제대후 휴학생신분이어서 2014년도 1학기 학점취소 신청이 휴복학신청보다 빨라

학점취소가 불가능한 것 으로 알고있습니다

지금 13학번 학생들이 듣고있는 공학입문설계 과목이 있는데 이과목과 창의적공학설계 과목이

과목코드가 다른데 일단 이과목을 14년도 1학기에 수강하고 14년도 2학기에 폐지과목인 창의적 공학설계

과목을 취소 할 수 있는지 궁금합니다!!

빠른답변부탁드립니다.","안녕하세요.
1. 창의적공학설계는 공학설계입문 과목으로 재수강이 되지 않습니다.
재수강은 한글 과목명이 동일하여야 재수강이 가능합니다.

2. 학점취소기간 : 수강신청기간부터~ 학기개시 1/4선까지 이므로 휴학생은 복학신청후 신청이 가능합니다.
창의적공학설계 과목이 폐지과목인지 확인후 기간내 신청바랍니다.

3. 공학설계입문은 강좌가 개설되어 수강여석이 있을경우 신청이 가능하며, 폐지과목 학점취소는 1,2학기 언제든 신청이 가능합니다.

수강관련 상담은 T.259-1013번 입니다."
155,수강신청 되어있는 과목,교무처 수업지원팀,"수강정정기간이 아닌데 혹시 수강신청 한 1개 과목을 취소할 수 는 없습니까....?

수업을 들어 갈 수가 없을 것 같아 질문 올립니다..","안녕하세요.
수강정정기간 이후는 수강신청 변경이 불가합니다."
156,교환학생가는 학생의 수강신청은?,교무처 수업지원팀,"2학기에 미국으로 교환학생가는 학생입니다.
수강신청은 해야하나요?
등록금은 내야하는걸로 알고있습니다.","안녕하세요.
해외교환학생은 수강신청할 필요가 없습니다.
해외현장학습의 경우는 반드시 수강신청을 해야합니다.
참고하세요."
157,교양과목 수강신청 질문.,교무처 수업지원팀,"고학년일수록 수강신청을 먼저 할 수 있도록 되어 있는데,

교양과목은 저학년 수강신청이 시작되기도 전에 마감될 수도 있는건가요?

아니면 학년 별 수강인원이 제한되어 있는건가요?","안녕하세요.
대학공통으로 개설된 교양과목의 경우는 학년별로 인원이 설정되어 있습니다.
인원이 마감되면 더 이상 수강은 어렵습니다.
참고하세요."
158,수강신청 문의,교무처 수업지원팀,수강신청하는데 제가 경영학과인데 글로벌 경영학전공 들어도 되는건가요?,"안녕하세요.
단일전공자의 경우 ""동일학부내 전공은 전공으로 인정""에 의해 전공선택으로 인정이 됩니다.
복수전공, 연계전공자는 전공으로 인정이 불가합니다."
159,수강신청,교무처 수업지원팀,"수강신청때 미리담기해놓은건 그대로 나와 있나요??
그리고 만약 미리담기 해놓은게 인원이 다차면 다시 찾아야하나요??

그리고 미리담기해놓은것과 수강신청 과목 목록들이 같이 나오나요?
어떻게 구성이 되어있는지 궁금합니다.","안녕하세요.
수강신청 메뉴에 접속하면 상단엔 미리담기한 내용, 하단엔 수강신청한 내용이 보여집니다.
미리담기한 과목 오른쪽에 신청버튼만 클릭하면 수강신청이 바로 이루어집니다.
미리담기는 강좌를 미리 찾아놓는다는 개념이므로 마감되면 신청이 안됩니다.
참고하세요."
160,4학년 마지막학기 수강신청 관련,교무처 수업지원팀,"전역후 한학기를 조기복학해서 지금이 9 학 기 째 수강하는 겁니다.

130학점까지 남은 학점이 8학점입니다. 하여 딱 맞게 8학점만 원하는 과목으로 들으려 하는데

최소 신청 학점이 9학점인가요? 학사관리 상담하는분마다 답변도 다르고 애매하고 해서 확실히 답변바랍니다.

제 졸업 요건만 맞는 8학점만 신청해도 되는건지 아니면 무조건 학점이 오버되더라도 원하지 않는

과목을 아무거나 넣어서라고 9학점을 쓸데없이 채워야 하는지 답변부탁드립니다.","안녕하세요.
최종학년의 최소수강학점은 9학점입니다.
이준환 학생의 경우 9개학기차 이므로 최소수강학점 적용이 되지 않으며,
수강신청한 학점만큼만 등록하면 됩니다.
수강신청 학점이 적을수록 등록 금액도 적어집니다."
161,크롬으로 수강신청창 안열려요,정보통신처 정보화개발팀,크롬 최적화라면서요? ............ 수강신청을 하나도 못했내요,"인터넷익스플로러, 크롬, 사파리 같은 브라우져는 현재 기본적으로 팝업 차단 기능을 제공하고 있습니다.

팝업차단이 되지 않아야만 ""PC버전 수강신청 프로그램""이 오픈 됩니다."
162,수강신청관련,교무처 수업지원팀,"보고서작성과목과 영어회화과목이 기초필수로 들어가나요????
기초필수 27학점 이수중 1학기때 12학점을 이수했는데 2학기 기필과목을 다합쳐도 14학점 밖에나오지
않습니다..","안녕하세요.
보고서작성및발표, 영어회화 과목은 교양선택입니다.
기초필수 과목이 아닙니다."
163,진로탐색세미나 수강신청문의,교무처 수업지원팀,"중국어중문학과로 이번학기로 복전을 하게됬는데

중국어중문학과 1학년 수업인 진로선택세미나 수강신청이 되나요?","안녕하세요.
진로탐색세미나 과목은 학부(과) 별로 개설학년이 다릅니다.
중문과의 경우 1학년 2학기에 개설과목으로 1학년 수강이 가능합니다."
164,수강신청을 준비하고있는 1학년인데요,교무처 수업지원팀,"저 스스로 처음 수강신청을 해봐서 어려운점이 많아요.

전공별로 우리 과에 대해서 검색을 하면 강좌가 많이 나오는데요 기선, 기필 이렇게 나오는데요

기선(기본선택) 과목을 한과목도 안들어도 되는지 기필(기본필수) 이 과목은 꼭 들어야 하는지

만약 '기선'을 안듣고 교양과목을 들어도 되는지 궁금합니다.

그리고 센터교육에 에너지변환공학기초 가 있는데요 '센터교육'이 어떤것인지 주로 어느 학년학생이

수강하는지 알고 싶어요
감사합니다","안녕하세요.
1. 기초선택과목은 필수과목이 아닙니다. 수강여부는 본인이 판단 바랍니다.
2. 기초필수과목은 2013학번 산업경영공학부 학생의 경우 졸업시까지 15학점을 반드시 이수하여야 합니다.
3. ""에너지변환공학기초"" 과목의 경우 에너지양성센터 관련학과의 센터생으로 등록된 학생만 수강이 가능합니다.
에너지양성센터 T.259-1674에 상담바랍니다."
165,수강신청일이 언제인가요,교무처 수업지원팀,"수강신청정보를 들어가봤더니 1학기 수강신청에 대해서 떠있어서요..
2학기 수강신청일은 언제인가요","안녕하세요

수강희망강좌 미리담기기간 2013. 8. 5(월) ~ 8.8(목)
수강신청일자 2013. 8. 9(금) ~ 8. 16(금) (주말, 광복절 제외)"
166,수강신청 문의,교무처 수업지원팀,"행정학과 3학년 학생인데요 이번에 숙대로 교류수학을 하게 되었습니다.

제가 저번 학기에 성적을 4.26을 받았는데 직전학기 성적이 4.20이 넘으면 최대 22학점 신청가능하다고 들었는데 따로 뭘 신청하지 않아도 수강신청할 때 자동으로 22학점을 신청할 수 있는 건가요?

작년 2학기때도 중앙대로 교류수학을 갔었는데 그때도 1학기 성적이 4.20을 넘었었는데 19학점밖에 신청할 수가 없더라구요... 어떻게 해야 22학점을 들을 수 있나요?","안녕하세요.
본 대학에서 수강할시 직전학기 성적이 4.20 이상일 경우 22학점까지 신청이 가능합니다.
숙명여대의 최대수강학점을 확인후 22학점까지 신청가능토록 숙명여대와 상담바랍니다."
167,수강신청에 대해 질문있습니다.,교무처 수업지원팀,"제가 08학번인데 1학년 마치고 군대를 갔다가 왔습니다.

1학년 2학기때 경영전산처리라는 과목을 들었었는데 그걸 재수강하려고 보니 경영정보처리로 이름이 바뀐건지 없어져있더라고요.

그래서 학점취소를 하고(폐지과목은 취소가 된다고하여서..실제로 폐지과목 검색해보니 있어서 취소했습니다.) 빈 학점을 메우기 위해 경영정보처리라는 과목을 들어보려고하는데 1학기로 옮겨져 있더군요.

1학기에 과목이 있으면 2학기때는 들을수없나...하고 있다가 2학기 수강설정으로 '과목명'으로 '경영정보처리' 라고 검색해보니 2학기에도 개설이 된건지 검색이 되더라고요.

이거 수강신청 되는건가요?","안녕하세요.
""경영정보처리"" 과목은 회계학과와 경영정보학과에는 1학년 1학기 개설과목이고,
경영학부에는 1학년 2학기 개설과목입니다. 과목코드 동일과목으로 수강할 경우 ""전필""이 됩니다.
참고하세요."
168,2학기 수강신청 미리담기 기간이 언제부턴지 알수있을까요?,교무처 수업지원팀,제목과 같습니다,"안녕하세요

8월 5일부터 8월8일까지입니다."
169,2학기 수강신청은 언제인가요,교무처 수업지원팀,제곧내,"안녕하세요.

2학기 수강신청기간은 8월 9일부터 16일까지이며,
토, 일요일과 광복절(15일)에는 수강신청이 불가합니다.
일자별 수강신청 가능한 학년은 아래와 같습니다.
9일-4,5학년(건축학)
12일-3학년
13일-2학년
14일-1학년
15일-전체"
170,수강신청확인원,교무처 수업지원팀,수강신청확인원을 깜빡하고 내지 않은것 같은데 지금이라도 제출이 가능한가요?,"안녕하세요.
소속학부(과) 사무실에 지금이라도 제출하세요."
171,졸업 유보자 인데 자동으로 수강신청이 되었습니다.,교무처 수업지원팀,"2학점을 남기고 졸업유보 인데 금일 0원등록을 할려고 보니
초급토익이 신청되어 있어서 연초과자의 등록금 675000원이 나와 있네요;;
예전에 미리담기에 초급토익을 담아둔적이 있는데 이것이 자동으로 수업등록으로 이어진거
같은데 어떻게 해결해야 할지 알려주셧으면합니다.

저는 이번에 유보를 하여 0원등록을하여 계절학기를 통해 졸업학점을 채울 생각입니다.","안녕하세요.
수강신청확인 및 정정기간 이후는 수강변경이 불가합니다.
단, 수업연한초과자의 경우 등록금과 연관이 있으므로 학부(과)에 상담바랍니다."
172,수강신청정정 후 조치,교무처 수업지원팀,"올해 2학년인 학생입니다 수강신청정정한 후에 학부사무실에 연락해서 그 분반에 넣질 못했습니다
어떻게해야하나요? 이 강의 못넣으면 이번학기는 15학점인데... 어떡하죠?","안녕하세요.
질문의 정확한 내용을 파악하기 위해 수업지원팀으로 전화바랍니다.
T.259-1013번 입니다."
173,수강신청확인원,교무처 수업지원팀,"★신입생은 Freshmen SeminarⅠ담당교수님이 곧 지도교수님입니다.

수강신청을 완료한 학생들은 '수강신청확인원'에 반드시 지도교수님의 싸인을 받은 후

3월 8일(금) 오후 6시까지 학부사무실로 제출해주시기 바랍니다.


이런글이 학부공지사항에 올라왓는데 '수강신청확인원'을 어디서 구하죠?","안녕하세요.
UWINS - 교과과정.수업 - 수강정보 - 수강신청(학부) 메뉴에서 상단에 ""수강신청확인원"" 메뉴가 있습니다.
출력해서 학부(과)사무실에 제출하면 됩니다."
174,수강신청 ㅠㅜ,교무처 수업지원팀,"올해 편입한 학생입니다.
지금 수강신청 마감이라고 자꾸 나오네요.
ㅠㅜ
지금 수강정정기간인데 왜 저는 수강신청마감이 됐다고 나오는 건가요? ㅠㅜ","안녕하세요.
과목마다 수강인원이 정해져 있습니다.
기초과목과 전공과목의 상담은 소속학부(과)를 이용바랍니다."
175,수강신청확인원 복수전공과에도 제출해야하나요?,교무처 수업지원팀,"본 전공, 복수 전공 과 두 곳 다 제출해야하나요?","안녕하세요.
주전공에만 제출하면 됩니다."
176,수강신청이란게 있던데 이거 신입생들도 해야 되나요?,교무처 수업지원팀,아니면 기다렸다가 3월달 개강전에 짜지는 건가요?,"안녕하세요.
신입학생 수강신청은 2월 28일(목) 입학식 후 학부(과)별로 진행이 됩니다."
177,수강신청과목조회,교무처 수업지원팀,"왜 2012까지만 봐지죠?
모바일이라그런가?
1학기로 설정해도 2013학년도 클릭하는거 자체가 안떠요","안녕하세요.
정보통신처에 상담바랍니다.
T. 259-1739~40번 까지 입니다."
178,제가 어쩌다 보니 수강신청을 재때 하지 못했는데요.,교무처 수업지원팀,수강 정정 기간에도 신청이 가능한가요.,"안녕하세요.
수강신청확인 및 정정기간에 신청이 가능합니다.
수강신청확인 및 정정기간 : 2013. 3. 2(토) ~ 3. 8(금) 까지입니다."
179,이번에 복학을 하게 되어 수강신청 기간에 수강신청을 하지 못하였습니다,교무처 학적관리팀,정정기간동안 수강 신청이 가능 한지와 따로 수강신청을 할 방법이 없는지 알고싶습니다,수강신청 정정기간에만 수강신청이 가능합니다.
180,타 학과 전공 수강신청,교무처 수업지원팀,"복수전공 신청을 못해서 2013학년도 1학기에 복전할 전공 수업을 듣고 2학기 때 신청하려고 하는데요

8일 전체 신청기간에 타 학과 전공 수강신청 가능한가요?","안녕하세요.
전공과목에 대한 수강문의는 개설된 학부(과)에 상담바랍니다."
181,수강신청에대해서요,교무처 수업지원팀,"하 너무 빨리 마감되서 수강신청을 많이 못햇는데요
못듣나요?","안녕하세요.
마감된 강좌의 경우 추가 여석이 열리지 않으면 신청이 불가합니다.
8일(금)날 전체학년 수강신청날과, 수강신청확인 및 정정기간에 다시 신청바랍니다."
182,졸업유보시 수강정정기간에 수강신청시에,교무처 수업지원팀,"졸업유보인 경우에, 수강기간 에 수강신청을 하지 않아
0원으로 등록을 하면, 3월에 있는 수강정정기간에 수강신청을 할수 있나요?","안녕하세요.
수업연한초과자(졸업유보)의 경우 수강신청 학점만큼 등록금을 납부하여야 합니다.
수강신청확인및 정정기간에 신청이 가능하며, 추가 등록을 하여야 합니다."
183,수강신청하려는데...,교무처 수업지원팀,"수강신청하는데 1학년 과목인 미적분이랑 3학년 과목인 무기화학이 마감이 떠있더라구요.
1학년은 아직 신청도안했는데 벌써 왜 마감 떠있나요?.............
무기랑 미적분 신청하려면 금요일 까지 기다려야하나요?","안녕하세요.
1학년에 개설된 과목은 수강신청확인 및 정정기간을 이용바랍니다.
3학년과목의 경우 2월8일(금)에 신청바라며, 개설된 학부(과)에 상담바랍니다."
184,수강신청 관련 질문입니다.,교무처 수업지원팀,"이산수학 과목반이 하나밖에 없는데 금세 마감되어 버렸습니다.
이럴경우에 이산수학을 들을수 없는건가요?","안녕하세요.
전공 또는 기초과목은 개설되어 있는 학부(과)에 상담바랍니다."
185,수강신청 질문드립니다,교무처 수업지원팀,"작년 1학기때 전필과목을 F받았는데
이번 1학기부터는 그 과목을 1학년만 들을수 있다는군요
이런경우엔 저 과목때문에 졸업이 불가능 한건가요?","안녕하세요.

해당과목을 재수강하시거나, 다른 전필과목을 이수하셔서 전필학점을 보충하시면 됩니다.
1학년 과목일 경우, 수강과목정정기간(3/2~3/8)동안 수강신청이 가능하시고, 재수강원을 해당 학과사무실에 제출하시면 됩니다.

감사합니다."
186,수강신청,교무처 수업지원팀,"제가 지금 4학년이 되는데 2학년때 들었던 수업을 재수강하려고합니다
그런데 제가 재수강하려는 서양미술사 수업이 원래는 전공선택이였는데 이번에 재이수를 하려고 보니까 전공필수로 바껴있네요
이렇게 되면 전공필수학점이 2점이 차는건가요 아니면 전공선택 학점이 2점이 차게되는건가요
답변부탁드립니당 ㅠㅠ","안녕하세요.
수강신청하는 학기의 이수구분이 지정이 됩니다.
현재 이수구분이 전필이므로 재수강 할 경우 전공필수로 이수가 됩니다."
187,수강신청 질문입니다,교무처 수업지원팀,"이번에 4학년 올라가는 학생입니다.
금일 수강신청하는데 4학년 전공과목이 마감되었다고 뜨네요..
4학년 과목수가 별로 없어서 3학년꺼 들을려고 해도 마감으로 뜨고...
전공학점이 부족해서 이번에 들어야 졸업학점이 채워지는데 어떻게 해야 하나요?
3학년꺼는 전체학년 수강신청 할 때 신청해야 하나요?
수강신청하려던 과목들이 거의 다 마감이 떠있어서 난감하네요
답변 부탁드립니다","안녕하세요 수업지원팀입니다.

학생은 4학년이므로 3학년 과목을 수강신청 하려면
마지막 전체학년 수강신청일인 금요일에 수강신청을 하여야 합니다.

전공수강신청과 관련해서 더욱 자세한것은
경제학전공 사무실 25-2421로 문의 바랍니다.

원하는 과목 수강신청 하시길 바랄게요"
188,수강신청 문의드립니다..,교무처 수업지원팀,"전필 2과목을 이수하지 못해 금일 수강신청시 신청하려했는데

마감되어 졸업학점 여건을 만들지 못하고 있습니다.

수강후보등록을 하려하는데 '수강후보 개설소속으로 등록되어 있지 않습니다.'라고

뜨기만 하네요. 어떡게해야 하나요...학과 사무실로 연락을 드려야 하나요??

이번학기에 수학해야만 졸업여건을 만들어져 걱정이 되네요..

그럼 즐거운 하루 되셔요.","안녕하세요. 수업지원팀입니다.

전공과목이라도 타 학년에 개설되어 있는 과목은 금요일에 수강신청이 가능합니다.

일단 자세한 내용은 학과 사무실이랑 통화해야 할것 같네요

경영학전공 사무실 259-2431
경영대학 교학행정실 259-2804로 문의 해 보시기 바랍니다.

좋은 하루 보내세요"
189,수강신청 문의드립니다,교무처 수업지원팀,"금년도에 복학예정인 경영정보 4학년 생입니다

금일 4학년 수강신청 날이라 신청을 하는데

2학년 전필 - 정보시스템입문

이 과목이 처음부터 마감이 뜨더군요

제가 2~3학년때 전필 과목을 못들어서 꼭 들어야 졸업학점을 채우는데어떻게해야 들을 수 있을까요?


2학년 또는 전체 수강신청기간때 선택 가능한가요 아니먄 선택이 가능하지 않는 건가요?","안녕하세요. 수업지원팀입니다.

본인이 4학년이기 때문에 2학년과목은 오늘 수강신청하지 못하고,
2학년이 수강신청 끝나는 금요일에 수강신청 가능합니다.

자세한 내용은 경영정보학전공 사무실 259-2454로 문의바랍니다.

좋은 하루 되세요"
190,휴학후 복학할때 수강신청 관련,교무처 수업지원팀,"3학년2학기때 4.5로 다음학기에 21학점은 신청할수 있게 됬는데요
이번에 제가 1년 휴학을 하고 다음연도에 복학을 하여도 21학점을 수강신청 할수 있나요???","안녕하세요.
직전학기 성적이 4.20 이상일 경우 22학점까지 신청이 가능합니다."
191,수강신청/장학금,학생복지처 학생복지팀,"4학년에 수강신청을 12학점이상하면 장학금수혜기준이 될 수 있는건가요 ?

일각에서는 실제로는 몇 몇 과의 경우에는 15학점이상을 들어야 한다고 하더라구요.

회계학과 공지를 보면 최종학년은 12학점이상이라는데, 이게 실제로 적용되는건지 궁금합니다","올해 4학년이되는 학생은 최소 12학점이 되어야 성적우수역량강화 장학을 받을 수 있습니다.
(4학년 1학기 성적으로 4학년 2학기 장학생을 선발, 4학년 2학기 성적은 졸업이라 장학이 없습니다.)
성적우수역량강화장학을 제외한 교내 가사장학등은 10학점 이상이여야 합니다.
국가장학금은 12학점 이상이어야 합니다.

울산대학교 규정집
http://www.ulsan.ac.kr/main/about/status/rule01.aspx
장학금지급규정(3-4-3) 제8조를 참고하세요."
192,복수전공 시에도 다른학년 과목은 8일에 수강신청해야하나요?,교무처 수업지원팀,그러면 인원이 다 차면 어떡하나요?,"안녕하세요.
타 학년의 과목은 전체수강신청날에 신청이 가능합니다.
마감된 강좌는 수강이 불가합니다."
193,수강신청 관련해서..,교무처 수업지원팀,"수강신청과 관련해서 질문하나 여쭤보겠습니다.
혹시 수강신청할때, 아이패드로 수강신청이 될까요?","안녕하세요.
아이패드로도 수강신청 업무가 지원이 됩니다."
194,수강신청 문의요..,교무처 수업지원팀,"이번에 일학기 수강신청을 하는데 어떤과목을 해야 하는지 전혀 감이 안잡혀서요...

기초필수는 졸업시 채워야 하는게 21학점이라고 되어 있더군요. 하지만 이미 25학점을 채운이상 공업수학은 들을 필요가 없나요? 그리고 또다른 기필은 이제 들을 필요가 없나요?

또 중점교양 다들어야 하는걸로 알고있는데 이학년 일학기에 생활한문이 열려있더군요 그런데 들어야하는 교양 과목중 다른 과목을 먼저 듣고 싶으면 그걸 먼저 들어도 되는건가요....(다른 학년을 대상으로 열려있더라도?)


하나더! 전필은 이번학년에 못들으면 다시 들을수 없으니 이번학년엔 지금껄 챙겨 들어야 하는거죠? 전공선택은 꼭 열려있는게 아니더라도 다른걸 먼저들어도 되는것인가요?","안녕하세요.
수업지원팀 방문을 바랍니다.
학생회관 1층 입니다."
195,계절학기 수강신청확인원을 못냈는데,교무처 수업지원팀,"다음 주 계절학기 수강기간에라도 학과사무실에 제출하면 되는건가요??


검색해보니 작년 답변에는 계절학기는 수강신청확인원은 낼 필요가 없고


재수강 시 재수강원만 제출하라고 되어있던데


다음 주에 학과사무실에 재수강원만 제출하면 되나요?","안녕하세요.
계절학기는 수강신청확인원은 제출할 필요가 없습니다.
재수강 과목이 있을경우 ""재수강원""만 제출하면 됩니다.
빠른 기간내 학부(과)에 제출 바랍니다."
196,수강신청취소,교무처 수업지원팀,"혹시나해서 여쭤봅니다
이번학기(2학기) 수강신청할때 교양강의 신청해놓고
정정기간에 취소한다는걸 착각하고 저의 불찰로 하지못했습니다
그사실을 시험시간표조회를 하면서 이번에 알게되었습니다
출석도 단한번도 한적이없는데 이 강의수강을 아예 없앨수있나요?
아니면 교수님재량으로는 가능한지 궁금합니다","안녕하세요.
수강신청 변경은 수강정정이후는 불가합니다.
참고하세요."
197,수강신청에 대해서,교무처 수업지원팀,제가 2월쯤에 제대를 해서 복학을 하려고 하는데 2013년1학기 수강신청을 언제쯤 하는지 궁금합니다.,"안녕하세요.
2013학년도 1학기 수강신청일은 2월 4일 ~ 2월 8일까지 이며,
4학년부터 학년별로 이루어지며 마직막 일(8일)은 전체 학년 수강신청 일입니다."
198,수강신청확인원,교무처 수업지원팀,"수강신청확인원을 기간 내에 제출하지 못했는데
이로 인한 불이익이 있나요?","안녕하세요.
수강신청확인원은 기간이 지나도 제출이 가능합니다.
학부(과)의 도움을 받아 조금 늦어도 제출바랍니다."
199,수강신청에 관해 문의좀드리겠습니다,교무처 수업지원팀,"과목의 소속이 단과소속이 아니라 학부 소속인 경우 (예: 사회과학부)
여석문의를 어디에 하면됩니까?
단대 교학행정실에 하면되나요??????????","안녕하세요.
전공 또는 기초과목일 경우 소속대학 교학행정실에 문의하면 됩니다."
200,수강신청확인원..,교무처 수업지원팀,"수강신청확인원에 지도교수란에
지도교수 싸인을 받아야 하잖아요?
자신의 지도교수를 어떻게 확인하나요?","안녕하세요.
지도교수확인은 본인의 학적기본조회에서 확인이 가능하며,
소속학부(과)에 문의하여도 됩니다."
201,수강신청에 대한 질문이요,교무처 수업지원팀,"1학년이고 영어회화II 수강신청했는데
제 시간표에는 없네요 확인할수 있을까요?
공지에보니까 9월1일 임용예정 선생님이라고 되어있던데 답변좀 해주세요~~","안녕하세요.
수강내역을 확인하니 영어회화II는 수강신청이 되어 있지 않습니다.
혹 신청한 과목이 폐강되었는지 확인바라며,
수강정정기간에 추가 신청바랍니다.
수강정정기간은 8월 29일 ~ 9월 7일까지 입니다."
202,수강신청,교무처 수업지원팀,"수강신청을 해야 등록을 할 수 있나요?
제가 이번학기에 휴학을 할건데 등록을 해야 휴학을 할 수 잇다고 들었거든요ㅠㅠ
근데 정신없다보니 수강신청을 못했어요ㅠㅠ
어떻게 휴학신청을 할 수 있나요ㅠㅠ","안녕하세요.
휴학할 경우 수강신청은 할 필요가 없습니다.
휴학기간내 신청바랍니다. 휴학관련 상담은 t.259-2016번입니다."
203,수강신청관련 문의드립니다.,교무처 수업지원팀,"제가 이번에 아르바이트떄문에 수강신청기간을 미처 확인을 못해서 수강신청기간내에 신청을 못했습니다.
그동안 계속 학교다니면서 이런적이 한번도 없다보니 좀 당황스럽네요.
어떻게 방법이 없는지 좀 알려주셨으면 좋겠습니다.","안녕하세요.
수강정정기간에 신청하면 됩니다.
수강정정기간은 8월 29일(수) ~ 9월 7일(금)까지 입니다."
204,타과 수강신청 문의,교무처 수업지원팀,"제가 다른과에 개설 되있는 교선 과목을 듣고 싶은데요

제가 A과 라하고 제가 듣고싶은 과를 B라고 하면
제가 보기엔 B과의 과목은 전부 마감 되있어요
그런데 B과의 친구는 그 과목이 신청을 받고 있던데..
A과는 B과의 교선 과목을 들을수 없나요..??","안녕하세요.
소속학과가 지정된 교양과목의 경우 수강인원의 여유가 없는 경우는
타과 학생에 인원 개방이 안됩니다.
정정기간에 신청이 가능한지 확인바랍니다."
205,1학년 수강신청시 주의사항에 보면...,교무처 수업지원팀,"회계학과에 개설된 교양(보고서 작성 및 발표, 영어회화 II)은 반드시 수강하셔야 합니다.


라고 적혀있는데 보고서 작성 및 발표가 마감되었어요..ㅠㅠ
반드시 1학년에 들어야 하는 수업인가요 ㅠㅠ 영어회화II는 신청했는데ㅠㅠ
어떻게 해야 하나요 ㅠㅠ","안녕하세요.
수강신청확인및정정 기간에 추가 신청바랍니다.
기간은 8월 29일(수) ~ 9월 7일(금)까지 입니다."
206,복학후 수강신청질문이요..,교무처 수업지원팀,"제가 오늘 복학신청했는데 1학년 2학기 부터 시작합니다. 그런데 1학년은 수강신청해야할 과목이 정해져있느걸로 알고있어 학부공지에 보니 1학년 조가 짜져있는 파일이 있어 찾아봤는데 제 이름이 없더군요 ,,그럼 저는 어떻게 수강 신청을 하면 되겠습니까??","안녕하세요.
소속학부(과)에 수강상담을 바랍니다.
사회과학대학교학행정실 전화번호는 T.259-2404번 입니다."
207,"수강신청 왜이런가요,. ㅡㅡ",교무처 수업지원팀,"수강신청 하는데,




과목명이나 다른 메뉴 클릭해도 희망강좌 메뉴만 계속뜨고,
저만 그런게 아니라 다른사람들도 그렇다고 하는데
좀 빨리 해결해주세요.



그리고 인강 인원수 좀 늘려주시면 안되요??
너무 작아서 아침 9시되자마자 마감되네요.ㅠㅠㅠㅠㅠㅠㅠㅠㅠㅠㅠㅠㅠ



수고하세요.","안녕하세요.
수강신청이 별 문제가 없이 진행되었는데 잠깐 에러가 있었나 보네요.
사이버강좌는 수강인원을 더 이상 늘리는 것은 불가능합니다.
참고하세요."
208,수강신청기간,교무처 수업지원팀,"8월6일에는 4학년 그런식으로 써있는데
1학년은 반드시 8월9일기간에 해야하나요
아니면8월 6일에도 해도 되나요","안녕하세요.
수강신청은 학년별로 신청이 됩니다.
1학년은 9일날 신청일이며, 8월 10일(금)은 전체학년 수강신청일입니다."
209,휴학상태에서 수강신청,교무처 학적관리팀,"제가 지금 선복학 신청서를 작성하고 아직 제출을 하지 않은 상태라서
다음주 월요일날 제출할 예정입니다.
월욜날 수강신청 날인데, 그럼 휴학상태에서 수강신청을 해야하는데 그게 가능한가요 ? ㅜㅜ","학적관리팀입니다.

휴학상태에서는 수강신청이 불가합니다."
210,수강신청날짜,교무처 수업지원팀,1학년 2학기 수강신청 날짜가 어떻게 되요?,"안녕하세요.
2012-2학기 수강신청은 8월 6일 ~ 8월10일까지 입니다.
4학년부터 시작이 되면 1학년 신청일은 8월 9일(목) 입니다."
211,2학기 수강신청 질문,교무처 수업지원팀,"1학년 학생입니다

2학기수강신청 1학년은 아마8월9일날 신청날인거 같은데요

그날 사정상 수강신청을 못할꺼같은데..

그날 수강신청을 안하게 되면 어떻게 되나요?","안녕하세요.
2012-2학기 수강신청일은 8월 6일 ~ 10일까지입니다.
학년별로 실시가 되며 1학년 신청일은 8월 9일 입니다.
8월 10일은 전체학생 수강신청일이니 이용바랍니다.
이 기간을 놓쳤을 경우 수강정정 기간에 신청이 가능합니다.
수강정정기간은 8월 29일 ~ 9월 7일까지 입니다."
212,계절학기 수강신청확인원(재수강원아님) 학과사무실에 제출해야하나요?,교무처 수업지원팀,"혹시라도 늦었다면 지금이라도 제출가능한가요? 일단 계절학기 돈도 냈고 신청도 됬는데...

그리고 유윈에도 정보등록이 된거 같구요.","안녕하세요.
지금이라도 소속학부(과)에 제출바랍니다."
213,여름계절학기 수강신청관련,교무처 학사관리팀,"1학기에 수강신청했던과목을 재수강하고싶은데...

계절학기 과목중에 그 과목이 있어서 신청하려고하니까

현재 수강신청하여 이수중이라고 수강이안된다고 하는데

그럼 2학기때 수강신청 할수있는건가요?","안녕하세요.
계절학기에 개설되는 과목에 대하여 안내합니다.
여름계절학기 : 1학기 과목, 겨울계절학기 : 1학기 과목 (교양은 제외)
주로 이렇게 개설이 됩니다.
1학기에 수강중인 과목이 여름계절학기에 개설되면 중복수강으로 인하여 신청이 불가합니다.
참고하세요."
214,수도권 교류학생 수강신청 날짜 문의,교무처 학사관리팀,"지난 공지 사항을 찾아봤습니다.
그래서 2학기 수도권 교류학생 신청일은 6월 초 정도로 알고 있는데요.

혹시 교류학생 수강 신청 날짜도 알 수 있을까요?

제가 여름에 단기 봉사활동을 가게 되는 데 혹시나 ㅜㅜㅜ 일정이 겹칠 수 있을까해서요.


부탁드립니다. ^^* 감사해요!","안녕하세요.
교류대학의 수강신청 일정은 해당 대학 홈페이지 학사일정을 확인해 보기 바랍니다.
본 대학에서 수강신청 일정을 확인하려면 교류대학에서 서류가 도착되어야 합니다.
그 기간은 7월 중순 이후가 될것 같네요."
215,수강신청 질문이요,교무처 학사관리팀,"재작년에 1학년 수업에서 기초일어1 일어회화1 들었었는데요
,
이번에 보니까 폐지가 되고


1학년 수업에 기초일어연습I, 초급일어회화 과목이 생겼더라고요


기초일어1, 일어회화1 학점을 취소하지 않고

기초일어연습I, 초급일어회화 과목을 신청해도

엄연히 다른과목으로 학점을 인정 받나요( 중복되지 않나요)","안녕하세요.
한글과목명이 다를 경우 다른과목으로 인정이 됩니다.
학부(과)에서 교과과정 개편으로 과목이 변경이 된것입니다.
개설한 학부(과)에서 수강제한을 하지 않을경우 수강이 가능합니다.
중복과목은 아닙니다."
216,수강신청 확인서,교무처 학사관리팀,신입생 입니다. 29일 정정기간에 수강신청을 처음했는데요. 신청페이지에 보니까 신청확인서를 출력해서 제출 해야한다고 써있습니다. 3월 2일 바로 개강인데 언제 제출을 하나요? 개인이 직접가서 내야 하나요?,"안녕하세요.
""수강신청확인원""은 3월 8일까지 학부(과) 사무실에 직접 제출하면 됩니다."
217,0 학점 수강신청,교무처 학사관리팀,"수강과목없이 종료 눌렀는데 이렇게 하면 등록이 된건지요?

20022459 이성철 입니다.","안녕하세요
학사관리팀입니다.

졸업유보자의 경우, 3월 12일, 13일 이틀 간 등록금 고지서를 출력하여 은행에 제출해야 정상적으로 등록이 됩니다.

수강신청 학점이 없을 경우, 0원으로 고지된 등록금 고지서 출력이 가능하니 안심하고 제출하시기 바랍니다.

감사합니다."
218,졸업유보 시 수강신청,교무처 학사관리팀,"학점부족 졸업유보되어 하계계절학기로 졸업계획에 있는데요

일단은 수강과목 없이 수강신청을 해야 한다고 하셨는데

기간내에 하지 못했습니다.

이런경우엔 정정기간을 이용하여 수강신청 하면 되나요?

20022459 이성철 입니다.","안녕하세요.
수업연한초과자(9개학기 이상)는 수강신청 학점에 따라 등록금을 납부하여야 합니다.
이번학기에 수강학점이 없을 경우 ""0""원 등록을 하여 재학 상태를 유지하여 하며
계절학기를 이용하고자 하는 경우 4월말에 수강하고자 하는 과목을 확인바랍니다.
수강신청하고자 하는 경우 ""수강신청확인및정정"" 기간을 이용하여 신청바랍니다.
수강신청확인및정정기간은 2월 28일 ~ 3월 8일까지입니다."
219,수강신청에대해서 말인데요..,교무처 학사관리팀,"제가 2학년으로 이번에 복학하는데 수강신청하고나서 나중에 유윈 들어와봤더니

재수강 신청한 과목 한개랑 교양과목 신청한거 한개 해서 총 두강좌가 취소되어 있더라구요.....

그래서 이번학기 14학점 밖에 신청하지 못하게 되었는데요.,,,ㅜㅜㅜ

이럴경우 방법을 잘 몰라서 그러는데 수강신청정정 기간에 혹시 추가로 신청이 가능한지요,,,?

자세한 답변 부탁드립니다","안녕하세요.
취소된 두 과목은 ""폐강""된 강좌일것 같구요.
수강신청확인 및 정정기간에 추가신청이 가능합니다.
수강신청확인 및 정정기간은 2월 28일(화) ~ 3월 8일(목)까지 입니다."
220,수강신청확인원은 언제까지 제출해야하나요?,교무처 학사관리팀,제목 그대로 수강신청확인원은 언제까지 제출하고 수강신청 정정기간은 언제까지인가요?,"안녕하세요.
수강신청확인및정정기간 : 2012. 2. 28(화) ~ 3. 8(목)까지 입니다.
이 기간에 수강신청확인원 및 재수강원을 소속학부(과)에 제출하면 됩니다."
221,졸업학기 4-2때 수강신청 학점문의,교무처 학사관리팀,"이번 4-1학기가 끝나면 130졸업학점 기준으로 7학점이 남게됩니다.

궁금한게 4-2학기에 7학점만 신청하면 되는건가요?? 아니면 최소12학점을 신청해야 되는건가요???","안녕하세요
학사관리팀입니다.

4학년 최소 수강학점은 9학점이며, 장학금 수혜 대상자가 되기 위해서는 12학점 이상을 수강하여야 합니다.
현재 마지막 학기일 경우 차후 장학 혜택과는 무관하기 때문에 9학점 이상 수강신청하면 됩니다.

감사합니다."
222,학석사관련 수강신청 질문입니다.,교무처 학사관리팀,"이번학기에 학석사연계과정으로 수강신청을 하게되었습니다.

최고 22학점까지 대학원과목 1과목을 포함해서 들을 수 있지 않습니까?

이번학기에 졸업기준이 130학점인데 대학원과목 포함해서 133점이 되었습니다.

그럼 다른 학부과목 3학점을 지워서 130학점 채울수 있는것인지요?


요약하면 이번학기에 대학원과목을 듣는것이 졸업학점에 포함되는지 궁금합니다.","안녕하세요
학사관리팀입니다.

금번 학기에 수강하는 대학원 교과목은 본인의 선택에 따라 학부졸업학점(등급) 또는 대학원 수료학점(S) 으로 인정받을 수 있습니다.

본인의 졸업학점이 부족할 경우 학부졸업학점으로 인정받으면 되며 그렇지 않을 경우 대학원 수료학점으로 인정 신청하면 됩니다.

대학원 교과목 학점인정신청은 이번학기 말에 이루어지며, 대학원 교과목으로 인정받고자 할 경우, 대학원 입학 후 소정의 기간에

신청하시면 됩니다.

감사합니다."
223,1학기 수강신청 과목..,교무처 학사관리팀,"군휴학 끝내고 1학년 1학기를 조기복학하는데 신입생때는 수강신청을 안해서 시간표가 짜여져서 나왓는데.. 지금 수강신청 할려고보니 1학년때 들었던 일반화학이나 컴퓨터같은 과목이 수강신청할때
과로 봐도 공통으로가서 봐도 안보이내요...12년 1학기는 없어진건가요?","안녕하세요.
교과과정은 해마다 조금씩 개편이 일어납니다.
기초과목과, 전공과목의 수강상담은 학부(과) 사무실에 연락하여 지도를 받기 바랍니다."
224,3학년인데 타학년 수강신청은 언제해야하는건지,교무처 학사관리팀,"안녕하세요

오늘 3학년 수강신청을 했는데요
2학년 전공 수업을 듣고싶어서 그러는데
오늘 수강신청할때 2학년 전공은 선택이 안되더라구요

그럼 내일 2학년 수강신청할때 같이해야하는건지,
아니면 정정기간에 해야하는건지 좀 알려주세요

전화해도 계속 통화중이시고, 안받으시고 해서
글 올립니다","안녕하세요.
타 학년 과목의 수강신청은 전체학년 수강신청일인 2월 13일(월)에 가능합니다.
또한 수강신청확인및정정기간이 2월 28일(화) ~ 3월 8일(목)까지 이니
이 기간을 이용바랍니다."
225,오늘 3학년 수강신청 문제 많네요.,교무처 학사관리팀,"수강신청 오류떠도 아무런 공지하나없고


학사관리팀,정보시스템에 전화해도 수신거부해버리고


피해 본 학생들 수두룩하고


오늘 수강신청 문제 학생들이 Q&A해도 답변도없고


이 문제가 위쪽 사람들한테 전해지긴 했나요?


공짜로 다니는것도 아닌데 이러지 맙시다



그리고 학사관리팀 전화하면 수신거부하지마세요.","안녕하세요.
먼저 전산오류로 수강신청에 불편함을 끼친데 대하여 유감을 표합니다.
2010학번 3학년 학생에 한하여 수강신청일을 별도로 지정하여
2월 10일(금)에 다시한번 실시가 되니 이 기간에 수강신청을 바랍니다.
불편함을 끼친데 대하여 다시한번 유감을 표합니다."
226,10학번 수강신청 오류 공지 언제뜨나요?,교무처 학사관리팀,"오늘 10학번 수강신청 오류로 제가 원하는 강의를 단 하나도 선택하지 못했는데
학사관리팀에 전화하니 10학번 전체에게 문자를 돌리고 공지도 올릴 예정이라고 하셨는데요
아직까지 아무런 공지도 없고 문자도 없네요. 언제쯤 공지가 올라오나요?","답변이 늦어 죄송합니다.
2010학번 3학년 학생의 수강신청일을
학교홈페이지 - 공지사항 - 학사공지에 탑재하였으니 확인바랍니다.
수강신청에 불편함을 끼친데 대하여 유감을 표합니다."
227,수강신청,교무처 학사관리팀,"이번 수강신청

10학번만 안된거 맞나요?

같은조건에서 같이 수강신청하는데

누구는 되고 누구는 안되고 불공평한거같아요

관련 공지 같은거 없나요?","안녕하세요
수강신청에 불편함을 끼친데 대하여 유감을 표합니다.
학교 홈페이지 - 공지사항 - 학사공지에
수강신청에 대한 안내를 하였으니 확인바랍니다."
228,수강신청오류에대한대책 언제쯤 공지할수있나요,교무처 학사관리팀,"수고가 많으십니다
계속 통화중이네요...

수강신청이 오류나서 지금 다른일을 못하고 있는데
언제쯤 복구할 수 있고, 어떤 대책을 세울것인지에 대해서
언제 공지할 수 있는지 궁금합니다

갑자기 수강신청이 복구되면 또 혼란이 일어날 것 같은데...


언제 수강신청을 다시 할 수 있는지,
지금 마감되있는 전공, 교양, 인터넷강의를 언제 열어줄것인지에 대한
대책은 언제 마련되나요

다른 과는 옆에서 수강신청하는데...ㅋㅋㅋㅋ

같은조건에서 같이 수강신청하는데 누구는 되고 누구는 안되고..ㅋㅋㅋㅋ
그런 큰 문제가 발생하고 말았네요.

이미 마감되버린 인터넷강좌와 전공과목들
수강신청 할 수 있게 해주실 거라고 믿습니다.

그럼 수고하세요




이거 올리는 사이 갑자기 열렸네요 잠깨게 해주셔서 감사합니다","안녕하세요.
먼저 수강신청에 불편함을 끼친데 대하여 유감을 표합니다.
2010학번 3학년 학생에 한하여 2월 10일(금)에 수강신청일을 별도로 지정하여 실시가 됩니다.
자세한 사항은 홈페이지 - 학사공지에 내용이 탑재되어 있으니 확인바랍니다.
또한, 교양, 전공, 기초과목의 수강여석을 최대한 확보하여 수강신청이 원활히 진행되도록
하고자 노력하고 있습니다."
229,지금 수강신청시 3학년 학생중 10학번만 안되고 복학생은 다 신청했는데,교무처 학사관리팀,"이거 어떻게 되나요 ㅡㅡ 리셋안하고 이대로 가는건가요
불공평하다고 생각합니다","안녕하세요.
수강신청에 불편함을 끼친데 대하여 유감을 표합니다.
홈페이지 - 학사공지에 - 수강신청오류에 대한 내용에 탑재되어 있으니
확인하여 수강신청을 진행바랍니다."
230,수강신청,교무처 학사관리팀,"수강신청 왜 이런건가요ㅠㅠ
수강신청 기간 아니라고뜨는데ㅠ
어째란 말인지ㅜ 답답해 죽겟어요ㅠ","안녕하세요.
수강신청에 불편함을 끼친데 대하여 유감을 표합니다.
홈페이지 - 학사공지에 - 수강신청오류에 대한 내용에 탑재되어 있으니
확인하여 수강신청을 진행바랍니다."
231,수강신청,교무처 학사관리팀,수강신청이 안되네요. 수강신청 기간이 아니라고 떠요.,"안녕하세요.
수강신청에 불편함을 끼친데 대하여 유감을 표합니다.
홈페이지 - 학사공지에 - 수강신청오류에 대한 내용에 탑재되어 있으니
확인하여 수강신청을 진행바랍니다."
232,수강신청 못하면..,교무처 학사관리팀,.,"안녕하세요.
학교의 학사일정은 전년도 11월에 확정이 됩니다.
학생들 개개인의 일정까지 포함하여 계획할 수 없음을 전합니다.
수강신청기간에 신청이 어려울 경우 수강신청확인 및 정정기간을 이용하여야 합니다."
233,수강신청할 때,교무처 학사관리팀,"2012년 올해 4학년이 되는 학생인데요

4학년 수강신청일에 3학년 전공강의도 신청할 수 있나요?

자신의 학년이 아닌 학년의 전공강의 신청은 전학년이 수강신청하는 날에 할 수 있다는 말을 들어서요.

답변 부탁드립니다.","안녕하세요.
수강신청은 학년별로 이루어집니다.
4학년 학생이 3학년 과목을 수강신청하려면 전체학년 수강신청일에 하여야 합니다.
전공과목에 대한 수강신청은 소속학부(과)에 문의바랍니다."
234,수강신청 관련 질문입니다!,교무처 학사관리팀,"올해 2학년 올라가는 사회과학부 학생인데요.
2011-2학기 성적이 4.2가 넘으면 2012-1학기 수강신청 할때 이수학점이 22학점까지 가능하다던데..
정말 그런가요?","안녕하세요.
학기당 최대 수강신청 학점은 19학점이며,
직전학기 성적이 4.20 이상일 경우 22학점까지 수강신청이 가능합니다.
참고하세요."
235,2012학년 1학기 2학년 전기전자전공수강신청이 총 23학점인데...,교무처 학사관리팀,"2012학년 1학기 2학년 전기전자전공수강신청할수 있는 과목 목록을 보니
총 23학점인데...
원래 19학점까지 신청할수 있잖아요.
어떤 과목을 1학년때 프레쉬맨처럼 학부에서 일괄적으로 신청을 해 줍니까?","안녕하세요.
최대 수강신청 학점은 19학점입니다.
직전학기 성적이 4.20 이상일 경우 22학점까지 신청이 가능합니다.
해당 학기에 편성된 모든과목을 수강하는 것이 아니라 본인이 선택하여 신청하면 됩니다.
자세한 상담은 학부사무실 또는 학사관리팀으로 문의바랍니다."
236,2012학년 1학기 2학년 전기전자전공수강신청이 총 23학점인데...,교무처 학사관리팀,"2012학년 1학기 2학년 전기전자전공수강신청할수 있는 과목 목록을 보니
총 23학점인데...
원래 19학점까지 신청할수 있잖아요.
어떤 과목을 1학년때 프레쉬맨처럼 학부에서 일괄적으로 신청을 해 줍니까?",중복질문으로 답변함
237,수강신청이요,교무처 학사관리팀,"글로벌경영 전공하고있는데요
전공필수나 전공선택 과목을 경영학과 수업을 들어도 똑같이 전공필수나 전공선택으로 인정되나요?
교양선택으로 인정되는 건 아니죠?","안녕하세요.
본인이 소속된 학부(과)의 이수구분을 따라갑니다.
글로벌에 전공필수로 개설된 같은 과목코드의 과목이 경영학과에 개설되어 있는 경우
자과의 이수구분을 따라 전공필수가 됩니다.
경영학과의 전공필수가 반드시 글로벌학과의 전공필수는 아닙니다.
학사관리팀 또는 학부(과)에 정확한 상담을 바랍니다."
238,군휴학시 수강신청,교무처 학사관리팀,"제가 2월 21일에 군입대를 합니다.
그런데 군휴학시 수강신청 해야되나요??
빠른 답변 부탁드립니다.",군입대휴학원을 제출할 예정이라면 수강신청을 할 필요가 없습니다.
239,다음 학기 수강신청,교무처 학사관리팀,"수강신청을 하려고하는데
제가 복수전공을 하고 있습니다.
사정상 19학점 모두를 전공학점으로 들으려고하는데
그렇게 신청을 해도 되는건지요?
(한학기내에서는 전공/교양 학점 비중 제한 없이 19학점만 채우면 가능한건지.. )","안녕하세요.
최대 수강학점은 19학점이며,
전공이던, 교양이던 이수구분에 제한은 없습니다."
240,개강일과 4학년 수강신청일 문의드립니다!,교무처 학사관리팀,문의요,"안녕하세요.
2012학년도 1학기 개강일은 3월 2일(금)입니다.
4학년 수강신청일은 2월 6일(월)과 2월 10일(금) 전체학년 수강신청일 이틀간입니다."
241,학점삭제하고 수강신청,교무처 학사관리팀,"6학점 삭제 할 수 있는데
3학년 1학기 전공과목 하나 지우고,
다시 이번 4학년 1학기 수강신청 때
바로 수강할 수 있나요??","안녕하세요
학사관리팀입니다.

학점취소는 신청 후 바로 처리가 가능한 부분이 아니기 때문에 처리에 시간이 걸립니다. 금번 학점취소 기간에 신청한 과목은 긴급처리를 하더라도 2월 말에 처리가 가능합니다. 따라서, 재수강을 위해서는 학점취소 긴급처리가 완료된 2월 말 예정된 수강정정기간에 신청해야 합니다. 감사합니다."
242,수강신청 기간내에 수강신청 못하면 수강신청확인 및 정정기간에 신청이 가능한가요?,교무처 학사관리팀,"제가 해외연수를 가는데 출국하는 날이 1월 15일이고, 귀국하는 날이 2월 12일인데요.. 수강신청 기간이 2월 6일부터 10일까지네요.. 그래서 수강신청기간에 수강신청을 못할 수도 있어요.. 그러니까.. 수강신청기간내에 단 한과목도 신청하지 못할 경우, 수강신청확인 및 정정기간(2월 28일~3월 8일)에 수강신청을 할 수 있나요?","안녕하세요.
수강신청기간에 신청을 못할경우 수강신청확인및정정기간에 신청이 가능합니다.
그 기간을 이용하여 신청하세요."
243,2012 수강신청,교무처 학사관리팀,"제가 2학년되는데요..
미리담기 언제 할수있나요? 시간도 좀 알려주세요~
그리고 2학년 수강신청 날짜가 언제죠?
고생 많으십니다^^","안녕하세요.
2012학년도 수강신청일은
2월 6일 ~ 10일까지 학년별로 이루어집니다.
2학년 신청일은 2월 8일입니다.
수강신청 미리담기는 2월 2일 ~ 5일까지로 예정하고 있습니다."
244,수강신청할때 최대 학점 이상 하려면,교무처 학사관리팀,"2학년 1학기때 수강신청을 할때 최대 수강 학점이 19학점인데
그 이상 신청을 하고 싶거든요..

학점을 보고 한다는것 같은데..
1학기 학점은 좋지못하고 2학기 학점은 좋거든요

최대 수강학점 이상을 수강 신청하려면 그 방법은 무엇인지 알려주세요...
그리고 된다고 하면 21~24학점 정도는 신청 가능한가요?","안녕하세요
학사관리팀입니다.

최대 수강학점은 직전학기 성적에 따라 정해집니다. 직전학기 성적이 4.2 이상일 경우 최대 22학점까지 신청가능합니다.

감사합니다."
245,"2012학년도 복학신청,수강신청기간 질문",교무처 학사관리팀,"2012년도에 제가 복학을 하는데.
신청기간이 언제부터 언제까지인지 궁금합니다~
수강신청기간도 알려주세요","안녕하세요.
복학신청은 2012년 2월 1일부터 3일까지입니다.
2012학년도 1학기 수강신청은 2012. 2. 6일부터 2월 10일까지입니다.
참고하세요."
246,계절학기 수강신청원 ㅠㅠ,교무처 학사관리팀,"재수강은 아니고 처음듣는건데

수강신청원을 까먹고 안내서 기한이 지나버렸어요...

늦게라도 학과사무실에 내도 되는건가요?","안녕하세요.
계절학기는 ""수강신청확인원""은 제출하지 않습니다.
재수강 과목이 있을경우 ""재수강원""만 제출하면 됩니다."
247,계절학기 수강신청 해서 돈 냈는데 그거 제대로 갔는지 확인하는 방법좀,교무처 학사관리팀,게절학기비 십팔만원 카드로 계좌이체해서 넣었는데.. 그게 제대로 갔는지 어케 확인하죠?,"안녕하세요.
12월 7일 18만원 수납되었습니다."
248,수도권 교류 학교 수강신청에 대해서 질문드리겠습니다.,교무처 학사관리팀,"울산대 단과대학에 제출한 수강원에 있는 과목과 다른 과목을 신청해도 괜찮은건지 궁금합니다.
과목의 여석이 없어서 다른과목을 수강할 수 밖에 없거나,
불가피하게 바꿀수 밖에 없을 경우에는 학점교류가 취소가 되는건지...","안녕하세요. 학사관리팀입니다.
교류신청시 제출한 과목은 사전조사를 위한 것입니다.
수강과목 변경이 가능하며, 학점교류가 취소되지 않습니다."
249,계절학기 수강신청에 대해 질문있습니다.,교무처 학사관리팀,"깜박하고 계절학기 신청기간을 놓쳤는데

혹시 정정기간에 남는 자리가 있다면 신청이 가능한가요?

안된다면 사이버강의를 신청해야될 거 같은데 신청기간은 있는데 납부 기간이나 그런건 없네요.

수업료 납부는 언제 인가요? 자세한 내용은 어디서 확인하는지 궁금합니다.","안녕하세요.
홈페이지 - 공지사항 - 학사공지에서 겨울 계절학기로 하여 검색바랍니다.
계절학기에 대한 모든 안내가 되어 있습니다."
250,수강신청,교무처 학사관리팀,"안녕하세요
2012년
수강신청 일자를 알고싶습니다.
확정되었나요

장바구니 담기기간과 신청기간 문의합니다.","안녕하세요. 학사간리팀입니다.
2012학년도 1학기 수강신청일 : 2012. 2. 6 ~ 2. 10일까지 이며 학년별로 이루어집니다.
미리담기 기간은 아직 미정이며, 2012. 2. 2일부터 5일까지로 예정하고 있습니다.
참고하세요."
251,수강신청을 끝내긴 했는데요...,교무처 학사관리팀,"수강신청을 끝내고 확인원까지 인쇄했습니다. 그런데 인쇄 후 다른 교양은 뭐가 있는지 찾아보다가 실수로 수강신청한 강의를 삭제했나 봅니다. 시간이 없어서 그대로 창을 끄고 확인원을 학과 사무실에 제출했는데요. 지금에서야 16학점뿐이란걸 발견했습니다. 학과사무실에 제출한 확인원에는 18학점, 제대로 적힌 확인원을 제출했는데요. 혹시 불이익을 받거나 하는 것은 아니겠죠? 궁금합니다.","안녕하세요.
최소 수강학점(12학점)을 초과하였으므로 수강하는데 문제가 없습니다.
수강신청확인원 부분은 소속 학부(과)에서 상담하여 처리 바랍니다."
252,수강신청 확인원 관련,교무처 학사관리팀,"제가 정정기간에 강의를 하나 추가 신청했어요
그런데 수강신청 확인원을 출력해보니
당초신청한 과목에 그 과목이 표시 되어있더라구요
이럴경우 수강신청 확인원을 제출해야 하나요,
아니면 정정기간에 추가신청을 하던 안하던 상관없이
모든 재학생들이 무조건 제출해야 하나요?","안녕하세요.
수강신청확인원은 수강신청이 최종 마무리되고 제출합니다.
본인의 수강신청이 확정되었으면 소속 학부(과)에 제출하면 됩니다."
253,수강신청확인원 출력버튼을 눌러도 뜨지가않습니다,교무처 학사관리팀,학교에서 안되길래 피시방와서도 해보고 하는데 '로딩중입니다' 라고만 뜨고 나오질 않네요;,"안녕하세요.
답변이 늦었습니다.
수강신청확인원 출력을 못했을 경우 학부(과)사무실에 상담하여 출력바랍니다."
254,수강신청에 대해서요,교무처 학사관리팀,"사정이 생겨서 요 몇일간 컴퓨터를 못했는데 그사이에 수강신청정정기간이 됫더라고요.
근데 과에서 수강신청할때 오류가 있어서 공학의 기초는 새로 신청을 해야됫는데
가능한시간대의 수업이 인원초과 됫더라고요. 다른 교수님꺼 들을려면 다른과목부터 바꿔야되는데 다른과목들도 인원초과 더라구요.
학부사무실가서 이야기 하거나 교수님 찾아가서 이야기하면 그 인원초과된 수업에 추가로 넣어줄수있을지가 궁금합니다.","안녕하세요.
기초과목, 전공과목은 소속학부(과)와 상담하여 신청하세요."
255,수강신청 정정기간에 가능할지,교무처 학사관리팀,"아직 등록을 하지 못해서 수강신청을 하지 못했는데요

29일부터 수강 정정가능 하더군요

추가 등록이 30일부터 시작이던데

미등록인 상태에서 29일에 수강 신청할 수 있을까요?","안녕하세요.
현재 학적상태가 ""재학""이면 등록과 상관없이 수강신청이 가능합니다.
참고하세요."
256,수강신청,교무처 학사관리팀,수강신청기간에 바빠서 수강을 하나도 신청못햇는데 어떻게해야하나요,"안녕하세요.
수강신청확인 및 정정기간에 신청하면 됩니다.
수강신청확인 및 정정기간은 8월 29일(금) ~ 9월 7일(수)까지 입니다."
257,수강신청,교무처 학사관리팀,"수강신청을 아예 전부 못했어요 ㅠㅠ
어떻게 하믄되죠?ㅠㅠ","안녕하세요.
8월 29일(월) ~ 9월 7일(수)까지 수강신청확인 및 정정기간입니다.
이 기간을 이용하여 신청바랍니다."
